id,_BATCHID,_NUMERICID,_VALUE,_TIMESTAMP,_QUALITY,
600,DietDAServer.Tags.Z1.PLC.Global.HMI_Wr_ShowValue.RB101_PV_Massflow,0,3999,2020/10/12 13:10,192,
601,DietDAServer.Tags.Z1.PLC.Global.HMI_Wr_ShowValue.RB101_SP_Massflow,0,4000,2020/10/12 13:10,192,
602,DietDAServer.Tags.Z1.PLC.Global.HMI_Wr_ShowValue.RB101_Total_Massflow,0,673.6625977,2020/10/12 13:10,192,
603,DietDAServer.Tags.Z1.PLC.Global.HMI_Wr_ShowValue.TB101_PV_Temperature,0,63.60110092,2020/10/12 13:10,192,
604,DietDAServer.Tags.Z1.PLC.Global.HMI_Wr_ShowValue.ZF102_PV_B1_Trim,0,0,2020/10/12 13:10,192,
605,DietDAServer.Tags.Z1.PLC.Global.HMI_Wr_ShowValue.ZF102_PV_Moisture,0,18.62000084,2020/10/12 13:10,192,
606,DietDAServer.Tags.Z1.PLC.Global.HMI_Wr_ShowValue.ZF102_PV_Temp,0,48.84000015,2020/10/12 13:10,192,
607,DietDAServer.Tags.Z1.PLC.Global.HMI_Wr_ShowValue.RB101_PV_Massflow,0,3999,2020/10/12 13:09,192,松散回潮 皮带秤 实际值
608,DietDAServer.Tags.Z1.PLC.Global.HMI_Wr_ShowValue.RB101_Total_Massflow,0,673.6625977,2020/10/12 13:09,192,松散回潮 皮带秤 总量
609,DietDAServer.Tags.Z1.PLC.Global.HMI_Wr_ShowValue.TB101_PV_Temperature,0,63.60110092,2020/10/12 13:09,192,松散回潮 回风温度 实际值
610,DietDAServer.Tags.Z1.PLC.Global.HMI_Wr_ShowValue.ZF102_PV_Moisture,0,18.62000084,2020/10/12 13:09,192,松散回潮 水分仪 ZF102 出口水分 实际值
611,DietDAServer.Tags.Z1.PLC.Global.HMI_Wr_ShowValue.ZF102_PV_Temp,0,48.84000015,2020/10/12 13:09,192,松散回潮 水分仪 ZF102 出口温度 实际值
588,DietDAServer.Tags.Z1.PLC.Global.HMI_Wr_ShowValue.RB101_PV_Massflow,0,3997.300049,2020/10/12 13:09,192,松散回潮 皮带秤 实际值
589,DietDAServer.Tags.Z1.PLC.Global.HMI_Wr_ShowValue.RB101_SP_Massflow,0,4000,2020/10/12 13:09,192,松散回潮 皮带秤 设定值
590,DietDAServer.Tags.Z1.PLC.Global.HMI_Wr_ShowValue.RB101_Total_Massflow,0,607.144165,2020/10/12 13:09,192,松散回潮 皮带秤 总量
591,DietDAServer.Tags.Z1.PLC.Global.HMI_Wr_ShowValue.TB101_PV_Temperature,0,63.75238037,2020/10/12 13:09,192,松散回潮 回风温度 实际值
592,DietDAServer.Tags.Z1.PLC.Global.HMI_Wr_ShowValue.ZF102_PV_B1_Trim,0,0,2020/10/12 13:09,192,松散回潮 水分仪 ZF102 出口水分 调零值
593,DietDAServer.Tags.Z1.PLC.Global.HMI_Wr_ShowValue.ZF102_PV_Moisture,0,18.71999931,2020/10/12 13:09,192,松散回潮 水分仪 ZF102 出口水分 实际值
594,DietDAServer.Tags.Z1.PLC.Global.HMI_Wr_ShowValue.ZF102_PV_Temp,0,48.95000076,2020/10/12 13:09,192,松散回潮 水分仪 ZF102 出口温度 实际值
595,DietDAServer.Tags.Z1.PLC.Global.HMI_Wr_ShowValue.RB101_PV_Massflow,0,3997.300049,2020/10/12 13:08,192,
596,DietDAServer.Tags.Z1.PLC.Global.HMI_Wr_ShowValue.RB101_Total_Massflow,0,607.144165,2020/10/12 13:08,192,
597,DietDAServer.Tags.Z1.PLC.Global.HMI_Wr_ShowValue.TB101_PV_Temperature,0,63.75238037,2020/10/12 13:08,192,
598,DietDAServer.Tags.Z1.PLC.Global.HMI_Wr_ShowValue.ZF102_PV_Moisture,0,18.71999931,2020/10/12 13:08,192,
599,DietDAServer.Tags.Z1.PLC.Global.HMI_Wr_ShowValue.ZF102_PV_Temp,0,48.95000076,2020/10/12 13:08,192,
576,DietDAServer.Tags.Z1.PLC.Global.HMI_Wr_ShowValue.RB101_PV_Massflow,0,3999.100098,2020/10/12 13:08,192,
577,DietDAServer.Tags.Z1.PLC.Global.HMI_Wr_ShowValue.RB101_SP_Massflow,0,4000,2020/10/12 13:08,192,
578,DietDAServer.Tags.Z1.PLC.Global.HMI_Wr_ShowValue.RB101_Total_Massflow,0,540.4763794,2020/10/12 13:08,192,
579,DietDAServer.Tags.Z1.PLC.Global.HMI_Wr_ShowValue.TB101_PV_Temperature,0,63.8157692,2020/10/12 13:08,192,
580,DietDAServer.Tags.Z1.PLC.Global.HMI_Wr_ShowValue.ZF102_PV_B1_Trim,0,0,2020/10/12 13:08,192,
581,DietDAServer.Tags.Z1.PLC.Global.HMI_Wr_ShowValue.ZF102_PV_Moisture,0,18.54000092,2020/10/12 13:08,192,
582,DietDAServer.Tags.Z1.PLC.Global.HMI_Wr_ShowValue.ZF102_PV_Temp,0,49.32000351,2020/10/12 13:08,192,
583,DietDAServer.Tags.Z1.PLC.Global.HMI_Wr_ShowValue.RB101_PV_Massflow,0,3999.100098,2020/10/12 13:07,192,
584,DietDAServer.Tags.Z1.PLC.Global.HMI_Wr_ShowValue.RB101_Total_Massflow,0,540.4763794,2020/10/12 13:07,192,
585,DietDAServer.Tags.Z1.PLC.Global.HMI_Wr_ShowValue.TB101_PV_Temperature,0,63.8157692,2020/10/12 13:07,192,
586,DietDAServer.Tags.Z1.PLC.Global.HMI_Wr_ShowValue.ZF102_PV_Moisture,0,18.54000092,2020/10/12 13:07,192,
587,DietDAServer.Tags.Z1.PLC.Global.HMI_Wr_ShowValue.ZF102_PV_Temp,0,49.32000351,2020/10/12 13:07,192,
564,DietDAServer.Tags.Z1.PLC.Global.HMI_Wr_ShowValue.RB101_PV_Massflow,0,4004.100098,2020/10/12 13:07,192,
565,DietDAServer.Tags.Z1.PLC.Global.HMI_Wr_ShowValue.RB101_SP_Massflow,0,4000,2020/10/12 13:07,192,
566,DietDAServer.Tags.Z1.PLC.Global.HMI_Wr_ShowValue.RB101_Total_Massflow,0,474.9010925,2020/10/12 13:07,192,
567,DietDAServer.Tags.Z1.PLC.Global.HMI_Wr_ShowValue.TB101_PV_Temperature,0,63.79457092,2020/10/12 13:07,192,
568,DietDAServer.Tags.Z1.PLC.Global.HMI_Wr_ShowValue.ZF102_PV_B1_Trim,0,0,2020/10/12 13:07,192,
569,DietDAServer.Tags.Z1.PLC.Global.HMI_Wr_ShowValue.ZF102_PV_Moisture,0,18.69000053,2020/10/12 13:07,192,
570,DietDAServer.Tags.Z1.PLC.Global.HMI_Wr_ShowValue.ZF102_PV_Temp,0,49.13000107,2020/10/12 13:07,192,
571,DietDAServer.Tags.Z1.PLC.Global.HMI_Wr_ShowValue.RB101_PV_Massflow,0,4004.100098,2020/10/12 13:06,192,
572,DietDAServer.Tags.Z1.PLC.Global.HMI_Wr_ShowValue.RB101_Total_Massflow,0,474.9010925,2020/10/12 13:06,192,
573,DietDAServer.Tags.Z1.PLC.Global.HMI_Wr_ShowValue.TB101_PV_Temperature,0,63.79457092,2020/10/12 13:06,192,
574,DietDAServer.Tags.Z1.PLC.Global.HMI_Wr_ShowValue.ZF102_PV_Moisture,0,18.69000053,2020/10/12 13:06,192,
575,DietDAServer.Tags.Z1.PLC.Global.HMI_Wr_ShowValue.ZF102_PV_Temp,0,49.13000107,2020/10/12 13:06,192,
552,DietDAServer.Tags.Z1.PLC.Global.HMI_Wr_ShowValue.RB101_PV_Massflow,0,3997.600098,2020/10/12 13:06,192,
553,DietDAServer.Tags.Z1.PLC.Global.HMI_Wr_ShowValue.RB101_SP_Massflow,0,4000,2020/10/12 13:06,192,
554,DietDAServer.Tags.Z1.PLC.Global.HMI_Wr_ShowValue.RB101_Total_Massflow,0,408.203125,2020/10/12 13:06,192,
555,DietDAServer.Tags.Z1.PLC.Global.HMI_Wr_ShowValue.TB101_PV_Temperature,0,63.7440033,2020/10/12 13:06,192,
556,DietDAServer.Tags.Z1.PLC.Global.HMI_Wr_ShowValue.ZF102_PV_B1_Trim,0,0,2020/10/12 13:06,192,
557,DietDAServer.Tags.Z1.PLC.Global.HMI_Wr_ShowValue.ZF102_PV_Moisture,0,18.06999969,2020/10/12 13:06,192,
558,DietDAServer.Tags.Z1.PLC.Global.HMI_Wr_ShowValue.ZF102_PV_Temp,0,48.40000153,2020/10/12 13:06,192,
559,DietDAServer.Tags.Z1.PLC.Global.HMI_Wr_ShowValue.RB101_PV_Massflow,0,3997.600098,2020/10/12 13:05,192,
560,DietDAServer.Tags.Z1.PLC.Global.HMI_Wr_ShowValue.RB101_Total_Massflow,0,408.203125,2020/10/12 13:05,192,
561,DietDAServer.Tags.Z1.PLC.Global.HMI_Wr_ShowValue.TB101_PV_Temperature,0,63.7440033,2020/10/12 13:05,192,
562,DietDAServer.Tags.Z1.PLC.Global.HMI_Wr_ShowValue.ZF102_PV_Moisture,0,18.06999969,2020/10/12 13:05,192,
563,DietDAServer.Tags.Z1.PLC.Global.HMI_Wr_ShowValue.ZF102_PV_Temp,0,48.40000153,2020/10/12 13:05,192,
540,DietDAServer.Tags.Z1.PLC.Global.HMI_Wr_ShowValue.RB101_PV_Massflow,0,4004.399902,2020/10/12 13:05,192,
541,DietDAServer.Tags.Z1.PLC.Global.HMI_Wr_ShowValue.RB101_SP_Massflow,0,4000,2020/10/12 13:05,192,
542,DietDAServer.Tags.Z1.PLC.Global.HMI_Wr_ShowValue.RB101_Total_Massflow,0,341.514679,2020/10/12 13:05,192,
543,DietDAServer.Tags.Z1.PLC.Global.HMI_Wr_ShowValue.TB101_PV_Temperature,0,63.62704849,2020/10/12 13:05,192,
544,DietDAServer.Tags.Z1.PLC.Global.HMI_Wr_ShowValue.ZF102_PV_B1_Trim,0,0,2020/10/12 13:05,192,
545,DietDAServer.Tags.Z1.PLC.Global.HMI_Wr_ShowValue.ZF102_PV_Moisture,0,17.12999916,2020/10/12 13:05,192,
546,DietDAServer.Tags.Z1.PLC.Global.HMI_Wr_ShowValue.ZF102_PV_Temp,0,45.66000366,2020/10/12 13:05,192,
547,DietDAServer.Tags.Z1.PLC.Global.HMI_Wr_ShowValue.RB101_PV_Massflow,0,4004.399902,2020/10/12 13:04,192,
548,DietDAServer.Tags.Z1.PLC.Global.HMI_Wr_ShowValue.RB101_Total_Massflow,0,341.514679,2020/10/12 13:04,192,
549,DietDAServer.Tags.Z1.PLC.Global.HMI_Wr_ShowValue.TB101_PV_Temperature,0,63.62704849,2020/10/12 13:04,192,
550,DietDAServer.Tags.Z1.PLC.Global.HMI_Wr_ShowValue.ZF102_PV_Moisture,0,17.12999916,2020/10/12 13:04,192,
551,DietDAServer.Tags.Z1.PLC.Global.HMI_Wr_ShowValue.ZF102_PV_Temp,0,45.66000366,2020/10/12 13:04,192,
528,DietDAServer.Tags.Z1.PLC.Global.HMI_Wr_ShowValue.RB101_PV_Massflow,0,4010,2020/10/12 13:04,192,
529,DietDAServer.Tags.Z1.PLC.Global.HMI_Wr_ShowValue.RB101_SP_Massflow,0,4000,2020/10/12 13:04,192,
530,DietDAServer.Tags.Z1.PLC.Global.HMI_Wr_ShowValue.RB101_Total_Massflow,0,274.7120056,2020/10/12 13:04,192,
531,DietDAServer.Tags.Z1.PLC.Global.HMI_Wr_ShowValue.TB101_PV_Temperature,0,64.24659729,2020/10/12 13:04,192,
532,DietDAServer.Tags.Z1.PLC.Global.HMI_Wr_ShowValue.ZF102_PV_B1_Trim,0,0,2020/10/12 13:04,192,
533,DietDAServer.Tags.Z1.PLC.Global.HMI_Wr_ShowValue.ZF102_PV_Moisture,0,9,2020/10/12 13:04,192,
534,DietDAServer.Tags.Z1.PLC.Global.HMI_Wr_ShowValue.ZF102_PV_Temp,0,36.52999878,2020/10/12 13:04,192,
535,DietDAServer.Tags.Z1.PLC.Global.HMI_Wr_ShowValue.RB101_PV_Massflow,0,4010,2020/10/12 13:03,192,
536,DietDAServer.Tags.Z1.PLC.Global.HMI_Wr_ShowValue.RB101_Total_Massflow,0,274.7120056,2020/10/12 13:03,192,
537,DietDAServer.Tags.Z1.PLC.Global.HMI_Wr_ShowValue.TB101_PV_Temperature,0,64.24659729,2020/10/12 13:03,192,
538,DietDAServer.Tags.Z1.PLC.Global.HMI_Wr_ShowValue.ZF102_PV_Moisture,0,9,2020/10/12 13:03,192,
539,DietDAServer.Tags.Z1.PLC.Global.HMI_Wr_ShowValue.ZF102_PV_Temp,0,36.52999878,2020/10/12 13:03,192,
516,DietDAServer.Tags.Z1.PLC.Global.HMI_Wr_ShowValue.RB101_PV_Massflow,0,3998.5,2020/10/12 13:03,192,
517,DietDAServer.Tags.Z1.PLC.Global.HMI_Wr_ShowValue.RB101_SP_Massflow,0,4000,2020/10/12 13:03,192,
518,DietDAServer.Tags.Z1.PLC.Global.HMI_Wr_ShowValue.RB101_Total_Massflow,0,208.2276306,2020/10/12 13:03,192,
519,DietDAServer.Tags.Z1.PLC.Global.HMI_Wr_ShowValue.TB101_PV_Temperature,0,65.25512695,2020/10/12 13:03,192,
520,DietDAServer.Tags.Z1.PLC.Global.HMI_Wr_ShowValue.ZF102_PV_B1_Trim,0,0,2020/10/12 13:03,192,
521,DietDAServer.Tags.Z1.PLC.Global.HMI_Wr_ShowValue.ZF102_PV_Moisture,0,-0.600000024,2020/10/12 13:03,192,
522,DietDAServer.Tags.Z1.PLC.Global.HMI_Wr_ShowValue.ZF102_PV_Temp,0,36.54000092,2020/10/12 13:03,192,
523,DietDAServer.Tags.Z1.PLC.Global.HMI_Wr_ShowValue.RB101_PV_Massflow,0,3998.5,2020/10/12 13:02,192,
524,DietDAServer.Tags.Z1.PLC.Global.HMI_Wr_ShowValue.RB101_Total_Massflow,0,208.2276306,2020/10/12 13:02,192,
525,DietDAServer.Tags.Z1.PLC.Global.HMI_Wr_ShowValue.TB101_PV_Temperature,0,65.25512695,2020/10/12 13:02,192,
526,DietDAServer.Tags.Z1.PLC.Global.HMI_Wr_ShowValue.ZF102_PV_Moisture,0,-0.600000024,2020/10/12 13:02,192,
527,DietDAServer.Tags.Z1.PLC.Global.HMI_Wr_ShowValue.ZF102_PV_Temp,0,36.54000092,2020/10/12 13:02,192,
504,DietDAServer.Tags.Z1.PLC.Global.HMI_Wr_ShowValue.RB101_PV_Massflow,0,4010.399902,2020/10/12 13:02,192,
505,DietDAServer.Tags.Z1.PLC.Global.HMI_Wr_ShowValue.RB101_SP_Massflow,0,4000,2020/10/12 13:02,192,
506,DietDAServer.Tags.Z1.PLC.Global.HMI_Wr_ShowValue.RB101_Total_Massflow,0,141.3993225,2020/10/12 13:02,192,
507,DietDAServer.Tags.Z1.PLC.Global.HMI_Wr_ShowValue.TB101_PV_Temperature,0,65.75865173,2020/10/12 13:02,192,
508,DietDAServer.Tags.Z1.PLC.Global.HMI_Wr_ShowValue.ZF102_PV_B1_Trim,0,0,2020/10/12 13:02,192,
509,DietDAServer.Tags.Z1.PLC.Global.HMI_Wr_ShowValue.ZF102_PV_Moisture,0,-2.440000057,2020/10/12 13:02,192,
510,DietDAServer.Tags.Z1.PLC.Global.HMI_Wr_ShowValue.ZF102_PV_Temp,0,37.52999878,2020/10/12 13:02,192,
511,DietDAServer.Tags.Z1.PLC.Global.HMI_Wr_ShowValue.RB101_PV_Massflow,0,4010.399902,2020/10/12 13:01,192,
512,DietDAServer.Tags.Z1.PLC.Global.HMI_Wr_ShowValue.RB101_Total_Massflow,0,141.3993225,2020/10/12 13:01,192,
513,DietDAServer.Tags.Z1.PLC.Global.HMI_Wr_ShowValue.TB101_PV_Temperature,0,65.75865173,2020/10/12 13:01,192,
514,DietDAServer.Tags.Z1.PLC.Global.HMI_Wr_ShowValue.ZF102_PV_Moisture,0,-2.440000057,2020/10/12 13:01,192,
515,DietDAServer.Tags.Z1.PLC.Global.HMI_Wr_ShowValue.ZF102_PV_Temp,0,37.52999878,2020/10/12 13:01,192,
492,DietDAServer.Tags.Z1.PLC.Global.HMI_Wr_ShowValue.RB101_PV_Massflow,0,3991.5,2020/10/12 13:01,192,
493,DietDAServer.Tags.Z1.PLC.Global.HMI_Wr_ShowValue.RB101_SP_Massflow,0,4000,2020/10/12 13:01,192,
494,DietDAServer.Tags.Z1.PLC.Global.HMI_Wr_ShowValue.RB101_Total_Massflow,0,73.53787994,2020/10/12 13:01,192,
495,DietDAServer.Tags.Z1.PLC.Global.HMI_Wr_ShowValue.TB101_PV_Temperature,0,64.38514709,2020/10/12 13:01,192,
496,DietDAServer.Tags.Z1.PLC.Global.HMI_Wr_ShowValue.ZF102_PV_B1_Trim,0,0,2020/10/12 13:01,192,
497,DietDAServer.Tags.Z1.PLC.Global.HMI_Wr_ShowValue.ZF102_PV_Moisture,0,-2.49000001,2020/10/12 13:01,192,
498,DietDAServer.Tags.Z1.PLC.Global.HMI_Wr_ShowValue.ZF102_PV_Temp,0,38.22999954,2020/10/12 13:01,192,
499,DietDAServer.Tags.Z1.PLC.Global.HMI_Wr_ShowValue.RB101_PV_Massflow,0,3991.5,2020/10/12 13:00,192,
500,DietDAServer.Tags.Z1.PLC.Global.HMI_Wr_ShowValue.RB101_Total_Massflow,0,73.53787994,2020/10/12 13:00,192,
501,DietDAServer.Tags.Z1.PLC.Global.HMI_Wr_ShowValue.TB101_PV_Temperature,0,64.38514709,2020/10/12 13:00,192,
502,DietDAServer.Tags.Z1.PLC.Global.HMI_Wr_ShowValue.ZF102_PV_Moisture,0,-2.49000001,2020/10/12 13:00,192,
503,DietDAServer.Tags.Z1.PLC.Global.HMI_Wr_ShowValue.ZF102_PV_Temp,0,38.22999954,2020/10/12 13:00,192,
481,DietDAServer.Tags.Z1.PLC.Global.HMI_Wr_ShowValue.RB101_PV_Massflow,0,1375.199951,2020/10/12 13:00,192,
482,DietDAServer.Tags.Z1.PLC.Global.HMI_Wr_ShowValue.RB101_SP_Massflow,0,4000,2020/10/12 13:00,192,
483,DietDAServer.Tags.Z1.PLC.Global.HMI_Wr_ShowValue.RB101_Total_Massflow,0,0,2020/10/12 13:00,192,
484,DietDAServer.Tags.Z1.PLC.Global.HMI_Wr_ShowValue.TB101_PV_Temperature,0,63.47681808,2020/10/12 13:00,192,
485,DietDAServer.Tags.Z1.PLC.Global.HMI_Wr_ShowValue.ZF102_PV_B1_Trim,0,0,2020/10/12 13:00,192,
486,DietDAServer.Tags.Z1.PLC.Global.HMI_Wr_ShowValue.ZF102_PV_Moisture,0,-2.430000067,2020/10/12 13:00,192,
487,DietDAServer.Tags.Z1.PLC.Global.HMI_Wr_ShowValue.ZF102_PV_Temp,0,38.95000076,2020/10/12 13:00,192,
488,DietDAServer.Tags.Z1.PLC.Global.HMI_Wr_ShowValue.RB101_PV_Massflow,0,1375.199951,2020/10/12 12:59,192,
489,DietDAServer.Tags.Z1.PLC.Global.HMI_Wr_ShowValue.TB101_PV_Temperature,0,63.47681808,2020/10/12 12:59,192,
491,DietDAServer.Tags.Z1.PLC.Global.HMI_Wr_ShowValue.ZF102_PV_Temp,0,38.95000076,2020/10/12 12:59,192,
490,DietDAServer.Tags.Z1.PLC.Global.HMI_Wr_ShowValue.ZF102_PV_Moisture,0,-2.430000067,2020/10/12 12:59,192,
471,DietDAServer.Tags.Z1.PLC.Global.HMI_Wr_ShowValue.RB101_PV_Massflow,0,0,2020/10/12 12:59,192,
472,DietDAServer.Tags.Z1.PLC.Global.HMI_Wr_ShowValue.RB101_SP_Massflow,0,4000,2020/10/12 12:59,192,
473,DietDAServer.Tags.Z1.PLC.Global.HMI_Wr_ShowValue.RB101_Total_Massflow,0,0,2020/10/12 12:59,192,
474,DietDAServer.Tags.Z1.PLC.Global.HMI_Wr_ShowValue.TB101_PV_Temperature,0,63.01689148,2020/10/12 12:59,192,
475,DietDAServer.Tags.Z1.PLC.Global.HMI_Wr_ShowValue.ZF102_PV_B1_Trim,0,0,2020/10/12 12:59,192,
476,DietDAServer.Tags.Z1.PLC.Global.HMI_Wr_ShowValue.ZF102_PV_Moisture,0,-2.420000076,2020/10/12 12:59,192,
477,DietDAServer.Tags.Z1.PLC.Global.HMI_Wr_ShowValue.ZF102_PV_Temp,0,39.70000076,2020/10/12 12:59,192,
478,DietDAServer.Tags.Z1.PLC.Global.HMI_Wr_ShowValue.TB101_PV_Temperature,0,63.01689148,2020/10/12 12:58,192,
479,DietDAServer.Tags.Z1.PLC.Global.HMI_Wr_ShowValue.ZF102_PV_Moisture,0,-2.420000076,2020/10/12 12:58,192,
480,DietDAServer.Tags.Z1.PLC.Global.HMI_Wr_ShowValue.ZF102_PV_Temp,0,39.70000076,2020/10/12 12:58,192,
461,DietDAServer.Tags.Z1.PLC.Global.HMI_Wr_ShowValue.RB101_PV_Massflow,0,0,2020/10/12 12:58,192,
462,DietDAServer.Tags.Z1.PLC.Global.HMI_Wr_ShowValue.RB101_SP_Massflow,0,4000,2020/10/12 12:58,192,
463,DietDAServer.Tags.Z1.PLC.Global.HMI_Wr_ShowValue.RB101_Total_Massflow,0,0,2020/10/12 12:58,192,
464,DietDAServer.Tags.Z1.PLC.Global.HMI_Wr_ShowValue.TB101_PV_Temperature,0,62.84863281,2020/10/12 12:58,192,
465,DietDAServer.Tags.Z1.PLC.Global.HMI_Wr_ShowValue.ZF102_PV_B1_Trim,0,0,2020/10/12 12:58,192,
466,DietDAServer.Tags.Z1.PLC.Global.HMI_Wr_ShowValue.ZF102_PV_Moisture,0,-2.319999933,2020/10/12 12:58,192,
467,DietDAServer.Tags.Z1.PLC.Global.HMI_Wr_ShowValue.ZF102_PV_Temp,0,40.47000122,2020/10/12 12:58,192,
468,DietDAServer.Tags.Z1.PLC.Global.HMI_Wr_ShowValue.TB101_PV_Temperature,0,62.84863281,2020/10/12 12:57,192,
469,DietDAServer.Tags.Z1.PLC.Global.HMI_Wr_ShowValue.ZF102_PV_Moisture,0,-2.319999933,2020/10/12 12:57,192,
470,DietDAServer.Tags.Z1.PLC.Global.HMI_Wr_ShowValue.ZF102_PV_Temp,0,40.47000122,2020/10/12 12:57,192,
450,DietDAServer.Tags.Z1.PLC.Global.HMI_Wr_ShowValue.RB101_PV_Massflow,0,0,2020/10/12 12:57,192,
451,DietDAServer.Tags.Z1.PLC.Global.HMI_Wr_ShowValue.RB101_SP_Massflow,0,4000,2020/10/12 12:57,192,
452,DietDAServer.Tags.Z1.PLC.Global.HMI_Wr_ShowValue.RB101_Total_Massflow,0,0,2020/10/12 12:57,192,
453,DietDAServer.Tags.Z1.PLC.Global.HMI_Wr_ShowValue.TB101_PV_Temperature,0,63.75523758,2020/10/12 12:57,192,
454,DietDAServer.Tags.Z1.PLC.Global.HMI_Wr_ShowValue.ZF102_PV_B1_Trim,0,0,2020/10/12 12:57,192,
455,DietDAServer.Tags.Z1.PLC.Global.HMI_Wr_ShowValue.ZF102_PV_Moisture,0,-1.910000086,2020/10/12 12:57,192,
456,DietDAServer.Tags.Z1.PLC.Global.HMI_Wr_ShowValue.ZF102_PV_Temp,0,40.98000336,2020/10/12 12:57,192,
458,DietDAServer.Tags.Z1.PLC.Global.HMI_Wr_ShowValue.TB101_PV_Temperature,0,63.75523758,2020/10/12 12:56,192,
460,DietDAServer.Tags.Z1.PLC.Global.HMI_Wr_ShowValue.ZF102_PV_Temp,0,40.98000336,2020/10/12 12:56,192,
459,DietDAServer.Tags.Z1.PLC.Global.HMI_Wr_ShowValue.ZF102_PV_Moisture,0,-1.910000086,2020/10/12 12:56,192,
457,DietDAServer.Tags.Z1.PLC.Global.HMI_Wr_ShowValue.RB101_Total_Massflow,0,0,2020/10/12 12:56,192,
440,DietDAServer.Tags.Z1.PLC.Global.HMI_Wr_ShowValue.RB101_PV_Massflow,0,0,2020/10/12 12:56,192,
441,DietDAServer.Tags.Z1.PLC.Global.HMI_Wr_ShowValue.RB101_SP_Massflow,0,4000,2020/10/12 12:56,192,
442,DietDAServer.Tags.Z1.PLC.Global.HMI_Wr_ShowValue.RB101_Total_Massflow,0,3997.402588,2020/10/12 12:56,192,
443,DietDAServer.Tags.Z1.PLC.Global.HMI_Wr_ShowValue.TB101_PV_Temperature,0,63.88932037,2020/10/12 12:56,192,
444,DietDAServer.Tags.Z1.PLC.Global.HMI_Wr_ShowValue.ZF102_PV_B1_Trim,0,0,2020/10/12 12:56,192,
445,DietDAServer.Tags.Z1.PLC.Global.HMI_Wr_ShowValue.ZF102_PV_Moisture,0,0.110000007,2020/10/12 12:56,192,
446,DietDAServer.Tags.Z1.PLC.Global.HMI_Wr_ShowValue.ZF102_PV_Temp,0,42.12000275,2020/10/12 12:56,192,
447,DietDAServer.Tags.Z1.PLC.Global.HMI_Wr_ShowValue.TB101_PV_Temperature,0,63.88932037,2020/10/12 12:55,192,
448,DietDAServer.Tags.Z1.PLC.Global.HMI_Wr_ShowValue.ZF102_PV_Moisture,0,0.110000007,2020/10/12 12:55,192,
449,DietDAServer.Tags.Z1.PLC.Global.HMI_Wr_ShowValue.ZF102_PV_Temp,0,42.12000275,2020/10/12 12:55,192,
430,DietDAServer.Tags.Z1.PLC.Global.HMI_Wr_ShowValue.RB101_PV_Massflow,0,0,2020/10/12 12:55,192,
431,DietDAServer.Tags.Z1.PLC.Global.HMI_Wr_ShowValue.RB101_SP_Massflow,0,4000,2020/10/12 12:55,192,
432,DietDAServer.Tags.Z1.PLC.Global.HMI_Wr_ShowValue.RB101_Total_Massflow,0,3997.402588,2020/10/12 12:55,192,
433,DietDAServer.Tags.Z1.PLC.Global.HMI_Wr_ShowValue.TB101_PV_Temperature,0,63.99899292,2020/10/12 12:55,192,
434,DietDAServer.Tags.Z1.PLC.Global.HMI_Wr_ShowValue.ZF102_PV_B1_Trim,0,0,2020/10/12 12:55,192,
435,DietDAServer.Tags.Z1.PLC.Global.HMI_Wr_ShowValue.ZF102_PV_Moisture,0,19.43000031,2020/10/12 12:55,192,
436,DietDAServer.Tags.Z1.PLC.Global.HMI_Wr_ShowValue.ZF102_PV_Temp,0,42.26000214,2020/10/12 12:55,192,
437,DietDAServer.Tags.Z1.PLC.Global.HMI_Wr_ShowValue.TB101_PV_Temperature,0,63.99899292,2020/10/12 12:54,192,
438,DietDAServer.Tags.Z1.PLC.Global.HMI_Wr_ShowValue.ZF102_PV_Moisture,0,19.43000031,2020/10/12 12:54,192,
439,DietDAServer.Tags.Z1.PLC.Global.HMI_Wr_ShowValue.ZF102_PV_Temp,0,42.26000214,2020/10/12 12:54,192,
420,DietDAServer.Tags.Z1.PLC.Global.HMI_Wr_ShowValue.RB101_PV_Massflow,0,0,2020/10/12 12:54,192,
421,DietDAServer.Tags.Z1.PLC.Global.HMI_Wr_ShowValue.RB101_SP_Massflow,0,4000,2020/10/12 12:54,192,
422,DietDAServer.Tags.Z1.PLC.Global.HMI_Wr_ShowValue.RB101_Total_Massflow,0,3997.402588,2020/10/12 12:54,192,
423,DietDAServer.Tags.Z1.PLC.Global.HMI_Wr_ShowValue.TB101_PV_Temperature,0,65.37458038,2020/10/12 12:54,192,
424,DietDAServer.Tags.Z1.PLC.Global.HMI_Wr_ShowValue.ZF102_PV_B1_Trim,0,0,2020/10/12 12:54,192,
425,DietDAServer.Tags.Z1.PLC.Global.HMI_Wr_ShowValue.ZF102_PV_Moisture,0,22.96000099,2020/10/12 12:54,192,
426,DietDAServer.Tags.Z1.PLC.Global.HMI_Wr_ShowValue.ZF102_PV_Temp,0,47.77000046,2020/10/12 12:54,192,
427,DietDAServer.Tags.Z1.PLC.Global.HMI_Wr_ShowValue.TB101_PV_Temperature,0,65.37458038,2020/10/12 12:53,192,
428,DietDAServer.Tags.Z1.PLC.Global.HMI_Wr_ShowValue.ZF102_PV_Moisture,0,22.96000099,2020/10/12 12:53,192,
429,DietDAServer.Tags.Z1.PLC.Global.HMI_Wr_ShowValue.ZF102_PV_Temp,0,47.77000046,2020/10/12 12:53,192,
410,DietDAServer.Tags.Z1.PLC.Global.HMI_Wr_ShowValue.RB101_PV_Massflow,0,0,2020/10/12 12:53,192,
411,DietDAServer.Tags.Z1.PLC.Global.HMI_Wr_ShowValue.RB101_SP_Massflow,0,4000,2020/10/12 12:53,192,
412,DietDAServer.Tags.Z1.PLC.Global.HMI_Wr_ShowValue.RB101_Total_Massflow,0,3997.402588,2020/10/12 12:53,192,
413,DietDAServer.Tags.Z1.PLC.Global.HMI_Wr_ShowValue.TB101_PV_Temperature,0,67.1384201,2020/10/12 12:53,192,
414,DietDAServer.Tags.Z1.PLC.Global.HMI_Wr_ShowValue.ZF102_PV_B1_Trim,0,0,2020/10/12 12:53,192,
415,DietDAServer.Tags.Z1.PLC.Global.HMI_Wr_ShowValue.ZF102_PV_Moisture,0,21.23000145,2020/10/12 12:53,192,
416,DietDAServer.Tags.Z1.PLC.Global.HMI_Wr_ShowValue.ZF102_PV_Temp,0,51.02000046,2020/10/12 12:53,192,
417,DietDAServer.Tags.Z1.PLC.Global.HMI_Wr_ShowValue.TB101_PV_Temperature,0,67.1384201,2020/10/12 12:52,192,
418,DietDAServer.Tags.Z1.PLC.Global.HMI_Wr_ShowValue.ZF102_PV_Moisture,0,21.23000145,2020/10/12 12:52,192,
419,DietDAServer.Tags.Z1.PLC.Global.HMI_Wr_ShowValue.ZF102_PV_Temp,0,51.02000046,2020/10/12 12:52,192,
400,DietDAServer.Tags.Z1.PLC.Global.HMI_Wr_ShowValue.RB101_PV_Massflow,0,0,2020/10/12 12:52,192,
401,DietDAServer.Tags.Z1.PLC.Global.HMI_Wr_ShowValue.RB101_SP_Massflow,0,4000,2020/10/12 12:52,192,
402,DietDAServer.Tags.Z1.PLC.Global.HMI_Wr_ShowValue.RB101_Total_Massflow,0,3997.402588,2020/10/12 12:52,192,
403,DietDAServer.Tags.Z1.PLC.Global.HMI_Wr_ShowValue.TB101_PV_Temperature,0,66.42831421,2020/10/12 12:52,192,
404,DietDAServer.Tags.Z1.PLC.Global.HMI_Wr_ShowValue.ZF102_PV_B1_Trim,0,0,2020/10/12 12:52,192,
405,DietDAServer.Tags.Z1.PLC.Global.HMI_Wr_ShowValue.ZF102_PV_Moisture,0,20.71000099,2020/10/12 12:52,192,
406,DietDAServer.Tags.Z1.PLC.Global.HMI_Wr_ShowValue.ZF102_PV_Temp,0,51.59000015,2020/10/12 12:52,192,
407,DietDAServer.Tags.Z1.PLC.Global.HMI_Wr_ShowValue.TB101_PV_Temperature,0,66.42831421,2020/10/12 12:51,192,
409,DietDAServer.Tags.Z1.PLC.Global.HMI_Wr_ShowValue.ZF102_PV_Temp,0,51.59000015,2020/10/12 12:51,192,
408,DietDAServer.Tags.Z1.PLC.Global.HMI_Wr_ShowValue.ZF102_PV_Moisture,0,20.71000099,2020/10/12 12:51,192,
390,DietDAServer.Tags.Z1.PLC.Global.HMI_Wr_ShowValue.RB101_PV_Massflow,0,0,2020/10/12 12:51,192,
391,DietDAServer.Tags.Z1.PLC.Global.HMI_Wr_ShowValue.RB101_SP_Massflow,0,4000,2020/10/12 12:51,192,
392,DietDAServer.Tags.Z1.PLC.Global.HMI_Wr_ShowValue.RB101_Total_Massflow,0,3997.402588,2020/10/12 12:51,192,
393,DietDAServer.Tags.Z1.PLC.Global.HMI_Wr_ShowValue.TB101_PV_Temperature,0,64.34429169,2020/10/12 12:51,192,
394,DietDAServer.Tags.Z1.PLC.Global.HMI_Wr_ShowValue.ZF102_PV_B1_Trim,0,0,2020/10/12 12:51,192,
395,DietDAServer.Tags.Z1.PLC.Global.HMI_Wr_ShowValue.ZF102_PV_Moisture,0,19.92000008,2020/10/12 12:51,192,
396,DietDAServer.Tags.Z1.PLC.Global.HMI_Wr_ShowValue.ZF102_PV_Temp,0,50.49000168,2020/10/12 12:51,192,
397,DietDAServer.Tags.Z1.PLC.Global.HMI_Wr_ShowValue.TB101_PV_Temperature,0,64.34429169,2020/10/12 12:50,192,
398,DietDAServer.Tags.Z1.PLC.Global.HMI_Wr_ShowValue.ZF102_PV_Moisture,0,19.92000008,2020/10/12 12:50,192,
399,DietDAServer.Tags.Z1.PLC.Global.HMI_Wr_ShowValue.ZF102_PV_Temp,0,50.49000168,2020/10/12 12:50,192,
380,DietDAServer.Tags.Z1.PLC.Global.HMI_Wr_ShowValue.RB101_PV_Massflow,0,0,2020/10/12 12:50,192,
381,DietDAServer.Tags.Z1.PLC.Global.HMI_Wr_ShowValue.RB101_SP_Massflow,0,4000,2020/10/12 12:50,192,
382,DietDAServer.Tags.Z1.PLC.Global.HMI_Wr_ShowValue.RB101_Total_Massflow,0,3997.402588,2020/10/12 12:50,192,
383,DietDAServer.Tags.Z1.PLC.Global.HMI_Wr_ShowValue.TB101_PV_Temperature,0,63.26978302,2020/10/12 12:50,192,
384,DietDAServer.Tags.Z1.PLC.Global.HMI_Wr_ShowValue.ZF102_PV_B1_Trim,0,0,2020/10/12 12:50,192,
385,DietDAServer.Tags.Z1.PLC.Global.HMI_Wr_ShowValue.ZF102_PV_Moisture,0,18.13999939,2020/10/12 12:50,192,
386,DietDAServer.Tags.Z1.PLC.Global.HMI_Wr_ShowValue.ZF102_PV_Temp,0,50.28000259,2020/10/12 12:50,192,
387,DietDAServer.Tags.Z1.PLC.Global.HMI_Wr_ShowValue.TB101_PV_Temperature,0,63.26978302,2020/10/12 12:49,192,
388,DietDAServer.Tags.Z1.PLC.Global.HMI_Wr_ShowValue.ZF102_PV_Moisture,0,18.13999939,2020/10/12 12:49,192,
389,DietDAServer.Tags.Z1.PLC.Global.HMI_Wr_ShowValue.ZF102_PV_Temp,0,50.28000259,2020/10/12 12:49,192,
370,DietDAServer.Tags.Z1.PLC.Global.HMI_Wr_ShowValue.RB101_PV_Massflow,0,0,2020/10/12 12:49,192,
371,DietDAServer.Tags.Z1.PLC.Global.HMI_Wr_ShowValue.RB101_SP_Massflow,0,4000,2020/10/12 12:49,192,
372,DietDAServer.Tags.Z1.PLC.Global.HMI_Wr_ShowValue.RB101_Total_Massflow,0,3997.402588,2020/10/12 12:49,192,
373,DietDAServer.Tags.Z1.PLC.Global.HMI_Wr_ShowValue.TB101_PV_Temperature,0,63.19375992,2020/10/12 12:49,192,
374,DietDAServer.Tags.Z1.PLC.Global.HMI_Wr_ShowValue.ZF102_PV_B1_Trim,0,0,2020/10/12 12:49,192,
375,DietDAServer.Tags.Z1.PLC.Global.HMI_Wr_ShowValue.ZF102_PV_Moisture,0,17.85000038,2020/10/12 12:49,192,
376,DietDAServer.Tags.Z1.PLC.Global.HMI_Wr_ShowValue.ZF102_PV_Temp,0,50.03000259,2020/10/12 12:49,192,
377,DietDAServer.Tags.Z1.PLC.Global.HMI_Wr_ShowValue.TB101_PV_Temperature,0,63.19375992,2020/10/12 12:48,192,
378,DietDAServer.Tags.Z1.PLC.Global.HMI_Wr_ShowValue.ZF102_PV_Moisture,0,17.85000038,2020/10/12 12:48,192,
379,DietDAServer.Tags.Z1.PLC.Global.HMI_Wr_ShowValue.ZF102_PV_Temp,0,50.03000259,2020/10/12 12:48,192,
358,DietDAServer.Tags.Z1.PLC.Global.HMI_Wr_ShowValue.RB101_PV_Massflow,0,0,2020/10/12 12:48,192,
359,DietDAServer.Tags.Z1.PLC.Global.HMI_Wr_ShowValue.RB101_SP_Massflow,0,4000,2020/10/12 12:48,192,
360,DietDAServer.Tags.Z1.PLC.Global.HMI_Wr_ShowValue.RB101_Total_Massflow,0,3997.402588,2020/10/12 12:48,192,
361,DietDAServer.Tags.Z1.PLC.Global.HMI_Wr_ShowValue.TB101_PV_Temperature,0,63.25068283,2020/10/12 12:48,192,
362,DietDAServer.Tags.Z1.PLC.Global.HMI_Wr_ShowValue.ZF102_PV_B1_Trim,0,0,2020/10/12 12:48,192,
363,DietDAServer.Tags.Z1.PLC.Global.HMI_Wr_ShowValue.ZF102_PV_Moisture,0,18.01000023,2020/10/12 12:48,192,
364,DietDAServer.Tags.Z1.PLC.Global.HMI_Wr_ShowValue.ZF102_PV_Temp,0,50.41000366,2020/10/12 12:48,192,
367,DietDAServer.Tags.Z1.PLC.Global.HMI_Wr_ShowValue.TB101_PV_Temperature,0,63.25068283,2020/10/12 12:47,192,
368,DietDAServer.Tags.Z1.PLC.Global.HMI_Wr_ShowValue.ZF102_PV_Moisture,0,18.01000023,2020/10/12 12:47,192,
369,DietDAServer.Tags.Z1.PLC.Global.HMI_Wr_ShowValue.ZF102_PV_Temp,0,50.41000366,2020/10/12 12:47,192,
365,DietDAServer.Tags.Z1.PLC.Global.HMI_Wr_ShowValue.RB101_PV_Massflow,0,0,2020/10/12 12:47,192,
366,DietDAServer.Tags.Z1.PLC.Global.HMI_Wr_ShowValue.RB101_Total_Massflow,0,3997.402588,2020/10/12 12:47,192,
346,DietDAServer.Tags.Z1.PLC.Global.HMI_Wr_ShowValue.RB101_PV_Massflow,0,3990.5,2020/10/12 12:47,192,
347,DietDAServer.Tags.Z1.PLC.Global.HMI_Wr_ShowValue.RB101_SP_Massflow,0,4000,2020/10/12 12:47,192,
348,DietDAServer.Tags.Z1.PLC.Global.HMI_Wr_ShowValue.RB101_Total_Massflow,0,3975.771973,2020/10/12 12:47,192,
349,DietDAServer.Tags.Z1.PLC.Global.HMI_Wr_ShowValue.TB101_PV_Temperature,0,63.06443405,2020/10/12 12:47,192,
350,DietDAServer.Tags.Z1.PLC.Global.HMI_Wr_ShowValue.ZF102_PV_B1_Trim,0,0,2020/10/12 12:47,192,
351,DietDAServer.Tags.Z1.PLC.Global.HMI_Wr_ShowValue.ZF102_PV_Moisture,0,17.79000092,2020/10/12 12:47,192,
352,DietDAServer.Tags.Z1.PLC.Global.HMI_Wr_ShowValue.ZF102_PV_Temp,0,49.75000381,2020/10/12 12:47,192,
353,DietDAServer.Tags.Z1.PLC.Global.HMI_Wr_ShowValue.RB101_PV_Massflow,0,3990.5,2020/10/12 12:46,192,
354,DietDAServer.Tags.Z1.PLC.Global.HMI_Wr_ShowValue.RB101_Total_Massflow,0,3975.771973,2020/10/12 12:46,192,
355,DietDAServer.Tags.Z1.PLC.Global.HMI_Wr_ShowValue.TB101_PV_Temperature,0,63.06443405,2020/10/12 12:46,192,
356,DietDAServer.Tags.Z1.PLC.Global.HMI_Wr_ShowValue.ZF102_PV_Moisture,0,17.79000092,2020/10/12 12:46,192,
357,DietDAServer.Tags.Z1.PLC.Global.HMI_Wr_ShowValue.ZF102_PV_Temp,0,49.75000381,2020/10/12 12:46,192,
334,DietDAServer.Tags.Z1.PLC.Global.HMI_Wr_ShowValue.RB101_PV_Massflow,0,4004.800049,2020/10/12 12:46,192,
335,DietDAServer.Tags.Z1.PLC.Global.HMI_Wr_ShowValue.RB101_SP_Massflow,0,4000,2020/10/12 12:46,192,
336,DietDAServer.Tags.Z1.PLC.Global.HMI_Wr_ShowValue.RB101_Total_Massflow,0,3909.03125,2020/10/12 12:46,192,
337,DietDAServer.Tags.Z1.PLC.Global.HMI_Wr_ShowValue.TB101_PV_Temperature,0,63.03727722,2020/10/12 12:46,192,
338,DietDAServer.Tags.Z1.PLC.Global.HMI_Wr_ShowValue.ZF102_PV_B1_Trim,0,0,2020/10/12 12:46,192,
339,DietDAServer.Tags.Z1.PLC.Global.HMI_Wr_ShowValue.ZF102_PV_Moisture,0,17.78000069,2020/10/12 12:46,192,
340,DietDAServer.Tags.Z1.PLC.Global.HMI_Wr_ShowValue.ZF102_PV_Temp,0,49.62000275,2020/10/12 12:46,192,
341,DietDAServer.Tags.Z1.PLC.Global.HMI_Wr_ShowValue.RB101_PV_Massflow,0,4004.800049,2020/10/12 12:45,192,
342,DietDAServer.Tags.Z1.PLC.Global.HMI_Wr_ShowValue.RB101_Total_Massflow,0,3909.03125,2020/10/12 12:45,192,
343,DietDAServer.Tags.Z1.PLC.Global.HMI_Wr_ShowValue.TB101_PV_Temperature,0,63.03727722,2020/10/12 12:45,192,
344,DietDAServer.Tags.Z1.PLC.Global.HMI_Wr_ShowValue.ZF102_PV_Moisture,0,17.78000069,2020/10/12 12:45,192,
345,DietDAServer.Tags.Z1.PLC.Global.HMI_Wr_ShowValue.ZF102_PV_Temp,0,49.62000275,2020/10/12 12:45,192,
322,DietDAServer.Tags.Z1.PLC.Global.HMI_Wr_ShowValue.RB101_PV_Massflow,0,3994.5,2020/10/12 12:45,192,
323,DietDAServer.Tags.Z1.PLC.Global.HMI_Wr_ShowValue.RB101_SP_Massflow,0,4000,2020/10/12 12:45,192,
324,DietDAServer.Tags.Z1.PLC.Global.HMI_Wr_ShowValue.RB101_Total_Massflow,0,3842.455322,2020/10/12 12:45,192,
325,DietDAServer.Tags.Z1.PLC.Global.HMI_Wr_ShowValue.TB101_PV_Temperature,0,62.89570618,2020/10/12 12:45,192,
326,DietDAServer.Tags.Z1.PLC.Global.HMI_Wr_ShowValue.ZF102_PV_B1_Trim,0,0,2020/10/12 12:45,192,
327,DietDAServer.Tags.Z1.PLC.Global.HMI_Wr_ShowValue.ZF102_PV_Moisture,0,17.94000053,2020/10/12 12:45,192,
328,DietDAServer.Tags.Z1.PLC.Global.HMI_Wr_ShowValue.ZF102_PV_Temp,0,49.47000122,2020/10/12 12:45,192,
329,DietDAServer.Tags.Z1.PLC.Global.HMI_Wr_ShowValue.RB101_PV_Massflow,0,3994.5,2020/10/12 12:44,192,
330,DietDAServer.Tags.Z1.PLC.Global.HMI_Wr_ShowValue.RB101_Total_Massflow,0,3842.455322,2020/10/12 12:44,192,
331,DietDAServer.Tags.Z1.PLC.Global.HMI_Wr_ShowValue.TB101_PV_Temperature,0,62.89570618,2020/10/12 12:44,192,
332,DietDAServer.Tags.Z1.PLC.Global.HMI_Wr_ShowValue.ZF102_PV_Moisture,0,17.94000053,2020/10/12 12:44,192,
333,DietDAServer.Tags.Z1.PLC.Global.HMI_Wr_ShowValue.ZF102_PV_Temp,0,49.47000122,2020/10/12 12:44,192,
310,DietDAServer.Tags.Z1.PLC.Global.HMI_Wr_ShowValue.RB101_PV_Massflow,0,3992.600098,2020/10/12 12:44,192,
311,DietDAServer.Tags.Z1.PLC.Global.HMI_Wr_ShowValue.RB101_SP_Massflow,0,4000,2020/10/12 12:44,192,
312,DietDAServer.Tags.Z1.PLC.Global.HMI_Wr_ShowValue.RB101_Total_Massflow,0,3775.841309,2020/10/12 12:44,192,
313,DietDAServer.Tags.Z1.PLC.Global.HMI_Wr_ShowValue.TB101_PV_Temperature,0,62.71506119,2020/10/12 12:44,192,
314,DietDAServer.Tags.Z1.PLC.Global.HMI_Wr_ShowValue.ZF102_PV_B1_Trim,0,0,2020/10/12 12:44,192,
315,DietDAServer.Tags.Z1.PLC.Global.HMI_Wr_ShowValue.ZF102_PV_Moisture,0,18.79000092,2020/10/12 12:44,192,
316,DietDAServer.Tags.Z1.PLC.Global.HMI_Wr_ShowValue.ZF102_PV_Temp,0,48.99000168,2020/10/12 12:44,192,
317,DietDAServer.Tags.Z1.PLC.Global.HMI_Wr_ShowValue.RB101_PV_Massflow,0,3992.600098,2020/10/12 12:43,192,
318,DietDAServer.Tags.Z1.PLC.Global.HMI_Wr_ShowValue.RB101_Total_Massflow,0,3775.841309,2020/10/12 12:43,192,
319,DietDAServer.Tags.Z1.PLC.Global.HMI_Wr_ShowValue.TB101_PV_Temperature,0,62.71506119,2020/10/12 12:43,192,
320,DietDAServer.Tags.Z1.PLC.Global.HMI_Wr_ShowValue.ZF102_PV_Moisture,0,18.79000092,2020/10/12 12:43,192,
321,DietDAServer.Tags.Z1.PLC.Global.HMI_Wr_ShowValue.ZF102_PV_Temp,0,48.99000168,2020/10/12 12:43,192,
298,DietDAServer.Tags.Z1.PLC.Global.HMI_Wr_ShowValue.RB101_PV_Massflow,0,3995.399902,2020/10/12 12:43,192,
299,DietDAServer.Tags.Z1.PLC.Global.HMI_Wr_ShowValue.RB101_SP_Massflow,0,4000,2020/10/12 12:43,192,
300,DietDAServer.Tags.Z1.PLC.Global.HMI_Wr_ShowValue.RB101_Total_Massflow,0,3709.001221,2020/10/12 12:43,192,
301,DietDAServer.Tags.Z1.PLC.Global.HMI_Wr_ShowValue.TB101_PV_Temperature,0,62.88031006,2020/10/12 12:43,192,
302,DietDAServer.Tags.Z1.PLC.Global.HMI_Wr_ShowValue.ZF102_PV_B1_Trim,0,0,2020/10/12 12:43,192,
303,DietDAServer.Tags.Z1.PLC.Global.HMI_Wr_ShowValue.ZF102_PV_Moisture,0,18.79999924,2020/10/12 12:43,192,
304,DietDAServer.Tags.Z1.PLC.Global.HMI_Wr_ShowValue.ZF102_PV_Temp,0,49.06000137,2020/10/12 12:43,192,
305,DietDAServer.Tags.Z1.PLC.Global.HMI_Wr_ShowValue.RB101_PV_Massflow,0,3995.399902,2020/10/12 12:42,192,
306,DietDAServer.Tags.Z1.PLC.Global.HMI_Wr_ShowValue.RB101_Total_Massflow,0,3709.001221,2020/10/12 12:42,192,
307,DietDAServer.Tags.Z1.PLC.Global.HMI_Wr_ShowValue.TB101_PV_Temperature,0,62.88031006,2020/10/12 12:42,192,
308,DietDAServer.Tags.Z1.PLC.Global.HMI_Wr_ShowValue.ZF102_PV_Moisture,0,18.79999924,2020/10/12 12:42,192,
309,DietDAServer.Tags.Z1.PLC.Global.HMI_Wr_ShowValue.ZF102_PV_Temp,0,49.06000137,2020/10/12 12:42,192,
286,DietDAServer.Tags.Z1.PLC.Global.HMI_Wr_ShowValue.RB101_PV_Massflow,0,3988.800049,2020/10/12 12:42,192,
287,DietDAServer.Tags.Z1.PLC.Global.HMI_Wr_ShowValue.RB101_SP_Massflow,0,4000,2020/10/12 12:42,192,
288,DietDAServer.Tags.Z1.PLC.Global.HMI_Wr_ShowValue.RB101_Total_Massflow,0,3642.468018,2020/10/12 12:42,192,
289,DietDAServer.Tags.Z1.PLC.Global.HMI_Wr_ShowValue.TB101_PV_Temperature,0,63.20433044,2020/10/12 12:42,192,
290,DietDAServer.Tags.Z1.PLC.Global.HMI_Wr_ShowValue.ZF102_PV_B1_Trim,0,0,2020/10/12 12:42,192,
291,DietDAServer.Tags.Z1.PLC.Global.HMI_Wr_ShowValue.ZF102_PV_Moisture,0,18.77000046,2020/10/12 12:42,192,
292,DietDAServer.Tags.Z1.PLC.Global.HMI_Wr_ShowValue.ZF102_PV_Temp,0,49.66000366,2020/10/12 12:42,192,
293,DietDAServer.Tags.Z1.PLC.Global.HMI_Wr_ShowValue.RB101_PV_Massflow,0,3988.800049,2020/10/12 12:41,192,
294,DietDAServer.Tags.Z1.PLC.Global.HMI_Wr_ShowValue.RB101_Total_Massflow,0,3642.468018,2020/10/12 12:41,192,
295,DietDAServer.Tags.Z1.PLC.Global.HMI_Wr_ShowValue.TB101_PV_Temperature,0,63.20433044,2020/10/12 12:41,192,
296,DietDAServer.Tags.Z1.PLC.Global.HMI_Wr_ShowValue.ZF102_PV_Moisture,0,18.77000046,2020/10/12 12:41,192,
297,DietDAServer.Tags.Z1.PLC.Global.HMI_Wr_ShowValue.ZF102_PV_Temp,0,49.66000366,2020/10/12 12:41,192,
274,DietDAServer.Tags.Z1.PLC.Global.HMI_Wr_ShowValue.RB101_PV_Massflow,0,3996.399902,2020/10/12 12:41,192,
275,DietDAServer.Tags.Z1.PLC.Global.HMI_Wr_ShowValue.RB101_SP_Massflow,0,4000,2020/10/12 12:41,192,
276,DietDAServer.Tags.Z1.PLC.Global.HMI_Wr_ShowValue.RB101_Total_Massflow,0,3575.779297,2020/10/12 12:41,192,
277,DietDAServer.Tags.Z1.PLC.Global.HMI_Wr_ShowValue.TB101_PV_Temperature,0,63.33200073,2020/10/12 12:41,192,
278,DietDAServer.Tags.Z1.PLC.Global.HMI_Wr_ShowValue.ZF102_PV_B1_Trim,0,0,2020/10/12 12:41,192,
279,DietDAServer.Tags.Z1.PLC.Global.HMI_Wr_ShowValue.ZF102_PV_Moisture,0,18.36000061,2020/10/12 12:41,192,
280,DietDAServer.Tags.Z1.PLC.Global.HMI_Wr_ShowValue.ZF102_PV_Temp,0,50.01000214,2020/10/12 12:41,192,
281,DietDAServer.Tags.Z1.PLC.Global.HMI_Wr_ShowValue.RB101_PV_Massflow,0,3996.399902,2020/10/12 12:40,192,
282,DietDAServer.Tags.Z1.PLC.Global.HMI_Wr_ShowValue.RB101_Total_Massflow,0,3575.779297,2020/10/12 12:40,192,
283,DietDAServer.Tags.Z1.PLC.Global.HMI_Wr_ShowValue.TB101_PV_Temperature,0,63.33200073,2020/10/12 12:40,192,
284,DietDAServer.Tags.Z1.PLC.Global.HMI_Wr_ShowValue.ZF102_PV_Moisture,0,18.36000061,2020/10/12 12:40,192,
285,DietDAServer.Tags.Z1.PLC.Global.HMI_Wr_ShowValue.ZF102_PV_Temp,0,50.01000214,2020/10/12 12:40,192,
262,DietDAServer.Tags.Z1.PLC.Global.HMI_Wr_ShowValue.RB101_PV_Massflow,0,4009.600098,2020/10/12 12:40,192,
263,DietDAServer.Tags.Z1.PLC.Global.HMI_Wr_ShowValue.RB101_SP_Massflow,0,4000,2020/10/12 12:40,192,
264,DietDAServer.Tags.Z1.PLC.Global.HMI_Wr_ShowValue.RB101_Total_Massflow,0,3508.14624,2020/10/12 12:40,192,
265,DietDAServer.Tags.Z1.PLC.Global.HMI_Wr_ShowValue.TB101_PV_Temperature,0,63.29347992,2020/10/12 12:40,192,
266,DietDAServer.Tags.Z1.PLC.Global.HMI_Wr_ShowValue.ZF102_PV_B1_Trim,0,0,2020/10/12 12:40,192,
267,DietDAServer.Tags.Z1.PLC.Global.HMI_Wr_ShowValue.ZF102_PV_Moisture,0,18.22999954,2020/10/12 12:40,192,
268,DietDAServer.Tags.Z1.PLC.Global.HMI_Wr_ShowValue.ZF102_PV_Temp,0,50.23000336,2020/10/12 12:40,192,
269,DietDAServer.Tags.Z1.PLC.Global.HMI_Wr_ShowValue.RB101_PV_Massflow,0,4009.600098,2020/10/12 12:39,192,
270,DietDAServer.Tags.Z1.PLC.Global.HMI_Wr_ShowValue.RB101_Total_Massflow,0,3508.14624,2020/10/12 12:39,192,
271,DietDAServer.Tags.Z1.PLC.Global.HMI_Wr_ShowValue.TB101_PV_Temperature,0,63.29347992,2020/10/12 12:39,192,
273,DietDAServer.Tags.Z1.PLC.Global.HMI_Wr_ShowValue.ZF102_PV_Temp,0,50.23000336,2020/10/12 12:39,192,
272,DietDAServer.Tags.Z1.PLC.Global.HMI_Wr_ShowValue.ZF102_PV_Moisture,0,18.22999954,2020/10/12 12:39,192,
250,DietDAServer.Tags.Z1.PLC.Global.HMI_Wr_ShowValue.RB101_PV_Massflow,0,3993.899902,2020/10/12 12:39,192,
251,DietDAServer.Tags.Z1.PLC.Global.HMI_Wr_ShowValue.RB101_SP_Massflow,0,4000,2020/10/12 12:39,192,
252,DietDAServer.Tags.Z1.PLC.Global.HMI_Wr_ShowValue.RB101_Total_Massflow,0,3441.40918,2020/10/12 12:39,192,
253,DietDAServer.Tags.Z1.PLC.Global.HMI_Wr_ShowValue.TB101_PV_Temperature,0,63.15456009,2020/10/12 12:39,192,
254,DietDAServer.Tags.Z1.PLC.Global.HMI_Wr_ShowValue.ZF102_PV_B1_Trim,0,0,2020/10/12 12:39,192,
255,DietDAServer.Tags.Z1.PLC.Global.HMI_Wr_ShowValue.ZF102_PV_Moisture,0,18.65999985,2020/10/12 12:39,192,
256,DietDAServer.Tags.Z1.PLC.Global.HMI_Wr_ShowValue.ZF102_PV_Temp,0,49.91000366,2020/10/12 12:39,192,
257,DietDAServer.Tags.Z1.PLC.Global.HMI_Wr_ShowValue.RB101_PV_Massflow,0,3993.899902,2020/10/12 12:38,192,
258,DietDAServer.Tags.Z1.PLC.Global.HMI_Wr_ShowValue.RB101_Total_Massflow,0,3441.40918,2020/10/12 12:38,192,
259,DietDAServer.Tags.Z1.PLC.Global.HMI_Wr_ShowValue.TB101_PV_Temperature,0,63.15456009,2020/10/12 12:38,192,
260,DietDAServer.Tags.Z1.PLC.Global.HMI_Wr_ShowValue.ZF102_PV_Moisture,0,18.65999985,2020/10/12 12:38,192,
261,DietDAServer.Tags.Z1.PLC.Global.HMI_Wr_ShowValue.ZF102_PV_Temp,0,49.91000366,2020/10/12 12:38,192,
238,DietDAServer.Tags.Z1.PLC.Global.HMI_Wr_ShowValue.RB101_PV_Massflow,0,3999.899902,2020/10/12 12:38,192,
239,DietDAServer.Tags.Z1.PLC.Global.HMI_Wr_ShowValue.RB101_SP_Massflow,0,4000,2020/10/12 12:38,192,
240,DietDAServer.Tags.Z1.PLC.Global.HMI_Wr_ShowValue.RB101_Total_Massflow,0,3374.705078,2020/10/12 12:38,192,
241,DietDAServer.Tags.Z1.PLC.Global.HMI_Wr_ShowValue.TB101_PV_Temperature,0,62.92365646,2020/10/12 12:38,192,
242,DietDAServer.Tags.Z1.PLC.Global.HMI_Wr_ShowValue.ZF102_PV_B1_Trim,0,0,2020/10/12 12:38,192,
243,DietDAServer.Tags.Z1.PLC.Global.HMI_Wr_ShowValue.ZF102_PV_Moisture,0,18.56999969,2020/10/12 12:38,192,
244,DietDAServer.Tags.Z1.PLC.Global.HMI_Wr_ShowValue.ZF102_PV_Temp,0,49.63000107,2020/10/12 12:38,192,
245,DietDAServer.Tags.Z1.PLC.Global.HMI_Wr_ShowValue.RB101_PV_Massflow,0,3999.899902,2020/10/12 12:37,192,
246,DietDAServer.Tags.Z1.PLC.Global.HMI_Wr_ShowValue.RB101_Total_Massflow,0,3374.705078,2020/10/12 12:37,192,
247,DietDAServer.Tags.Z1.PLC.Global.HMI_Wr_ShowValue.TB101_PV_Temperature,0,62.92365646,2020/10/12 12:37,192,
249,DietDAServer.Tags.Z1.PLC.Global.HMI_Wr_ShowValue.ZF102_PV_Temp,0,49.63000107,2020/10/12 12:37,192,
248,DietDAServer.Tags.Z1.PLC.Global.HMI_Wr_ShowValue.ZF102_PV_Moisture,0,18.56999969,2020/10/12 12:37,192,
226,DietDAServer.Tags.Z1.PLC.Global.HMI_Wr_ShowValue.RB101_PV_Massflow,0,4010.600098,2020/10/12 12:37,192,
227,DietDAServer.Tags.Z1.PLC.Global.HMI_Wr_ShowValue.RB101_SP_Massflow,0,4000,2020/10/12 12:37,192,
228,DietDAServer.Tags.Z1.PLC.Global.HMI_Wr_ShowValue.RB101_Total_Massflow,0,3308.158691,2020/10/12 12:37,192,
229,DietDAServer.Tags.Z1.PLC.Global.HMI_Wr_ShowValue.TB101_PV_Temperature,0,62.78744125,2020/10/12 12:37,192,
230,DietDAServer.Tags.Z1.PLC.Global.HMI_Wr_ShowValue.ZF102_PV_B1_Trim,0,0,2020/10/12 12:37,192,
231,DietDAServer.Tags.Z1.PLC.Global.HMI_Wr_ShowValue.ZF102_PV_Moisture,0,18.73999977,2020/10/12 12:37,192,
232,DietDAServer.Tags.Z1.PLC.Global.HMI_Wr_ShowValue.ZF102_PV_Temp,0,49.73000336,2020/10/12 12:37,192,
233,DietDAServer.Tags.Z1.PLC.Global.HMI_Wr_ShowValue.RB101_PV_Massflow,0,4010.600098,2020/10/12 12:36,192,
234,DietDAServer.Tags.Z1.PLC.Global.HMI_Wr_ShowValue.RB101_Total_Massflow,0,3308.158691,2020/10/12 12:36,192,
235,DietDAServer.Tags.Z1.PLC.Global.HMI_Wr_ShowValue.TB101_PV_Temperature,0,62.78744125,2020/10/12 12:36,192,
236,DietDAServer.Tags.Z1.PLC.Global.HMI_Wr_ShowValue.ZF102_PV_Moisture,0,18.73999977,2020/10/12 12:36,192,
237,DietDAServer.Tags.Z1.PLC.Global.HMI_Wr_ShowValue.ZF102_PV_Temp,0,49.73000336,2020/10/12 12:36,192,
214,DietDAServer.Tags.Z1.PLC.Global.HMI_Wr_ShowValue.RB101_PV_Massflow,0,3992,2020/10/12 12:36,192,
215,DietDAServer.Tags.Z1.PLC.Global.HMI_Wr_ShowValue.RB101_SP_Massflow,0,4000,2020/10/12 12:36,192,
216,DietDAServer.Tags.Z1.PLC.Global.HMI_Wr_ShowValue.RB101_Total_Massflow,0,3241.231201,2020/10/12 12:36,192,
217,DietDAServer.Tags.Z1.PLC.Global.HMI_Wr_ShowValue.TB101_PV_Temperature,0,62.73822021,2020/10/12 12:36,192,
218,DietDAServer.Tags.Z1.PLC.Global.HMI_Wr_ShowValue.ZF102_PV_B1_Trim,0,0,2020/10/12 12:36,192,
219,DietDAServer.Tags.Z1.PLC.Global.HMI_Wr_ShowValue.ZF102_PV_Moisture,0,18.76000023,2020/10/12 12:36,192,
220,DietDAServer.Tags.Z1.PLC.Global.HMI_Wr_ShowValue.ZF102_PV_Temp,0,49.23000336,2020/10/12 12:36,192,
221,DietDAServer.Tags.Z1.PLC.Global.HMI_Wr_ShowValue.RB101_PV_Massflow,0,3992,2020/10/12 12:35,192,
222,DietDAServer.Tags.Z1.PLC.Global.HMI_Wr_ShowValue.RB101_Total_Massflow,0,3241.231201,2020/10/12 12:35,192,
223,DietDAServer.Tags.Z1.PLC.Global.HMI_Wr_ShowValue.TB101_PV_Temperature,0,62.73822021,2020/10/12 12:35,192,
224,DietDAServer.Tags.Z1.PLC.Global.HMI_Wr_ShowValue.ZF102_PV_Moisture,0,18.76000023,2020/10/12 12:35,192,
225,DietDAServer.Tags.Z1.PLC.Global.HMI_Wr_ShowValue.ZF102_PV_Temp,0,49.23000336,2020/10/12 12:35,192,
202,DietDAServer.Tags.Z1.PLC.Global.HMI_Wr_ShowValue.RB101_PV_Massflow,0,3999.699951,2020/10/12 12:35,192,
203,DietDAServer.Tags.Z1.PLC.Global.HMI_Wr_ShowValue.RB101_SP_Massflow,0,4000,2020/10/12 12:35,192,
204,DietDAServer.Tags.Z1.PLC.Global.HMI_Wr_ShowValue.RB101_Total_Massflow,0,3174.624268,2020/10/12 12:35,192,
205,DietDAServer.Tags.Z1.PLC.Global.HMI_Wr_ShowValue.TB101_PV_Temperature,0,62.74409103,2020/10/12 12:35,192,
206,DietDAServer.Tags.Z1.PLC.Global.HMI_Wr_ShowValue.ZF102_PV_B1_Trim,0,0,2020/10/12 12:35,192,
207,DietDAServer.Tags.Z1.PLC.Global.HMI_Wr_ShowValue.ZF102_PV_Moisture,0,18.85000038,2020/10/12 12:35,192,
208,DietDAServer.Tags.Z1.PLC.Global.HMI_Wr_ShowValue.ZF102_PV_Temp,0,48.95000076,2020/10/12 12:35,192,
209,DietDAServer.Tags.Z1.PLC.Global.HMI_Wr_ShowValue.RB101_PV_Massflow,0,3999.699951,2020/10/12 12:34,192,
210,DietDAServer.Tags.Z1.PLC.Global.HMI_Wr_ShowValue.RB101_Total_Massflow,0,3174.624268,2020/10/12 12:34,192,
211,DietDAServer.Tags.Z1.PLC.Global.HMI_Wr_ShowValue.TB101_PV_Temperature,0,62.74409103,2020/10/12 12:34,192,
213,DietDAServer.Tags.Z1.PLC.Global.HMI_Wr_ShowValue.ZF102_PV_Temp,0,48.95000076,2020/10/12 12:34,192,
212,DietDAServer.Tags.Z1.PLC.Global.HMI_Wr_ShowValue.ZF102_PV_Moisture,0,18.85000038,2020/10/12 12:34,192,
190,DietDAServer.Tags.Z1.PLC.Global.HMI_Wr_ShowValue.RB101_PV_Massflow,0,4001.899902,2020/10/12 12:34,192,
191,DietDAServer.Tags.Z1.PLC.Global.HMI_Wr_ShowValue.RB101_SP_Massflow,0,4000,2020/10/12 12:34,192,
192,DietDAServer.Tags.Z1.PLC.Global.HMI_Wr_ShowValue.RB101_Total_Massflow,0,3108.092529,2020/10/12 12:34,192,
193,DietDAServer.Tags.Z1.PLC.Global.HMI_Wr_ShowValue.TB101_PV_Temperature,0,62.95653534,2020/10/12 12:34,192,
194,DietDAServer.Tags.Z1.PLC.Global.HMI_Wr_ShowValue.ZF102_PV_B1_Trim,0,0,2020/10/12 12:34,192,
195,DietDAServer.Tags.Z1.PLC.Global.HMI_Wr_ShowValue.ZF102_PV_Moisture,0,18.86000061,2020/10/12 12:34,192,
196,DietDAServer.Tags.Z1.PLC.Global.HMI_Wr_ShowValue.ZF102_PV_Temp,0,48.54000092,2020/10/12 12:34,192,
197,DietDAServer.Tags.Z1.PLC.Global.HMI_Wr_ShowValue.RB101_PV_Massflow,0,4001.899902,2020/10/12 12:33,192,
198,DietDAServer.Tags.Z1.PLC.Global.HMI_Wr_ShowValue.RB101_Total_Massflow,0,3108.092529,2020/10/12 12:33,192,
199,DietDAServer.Tags.Z1.PLC.Global.HMI_Wr_ShowValue.TB101_PV_Temperature,0,62.95653534,2020/10/12 12:33,192,
200,DietDAServer.Tags.Z1.PLC.Global.HMI_Wr_ShowValue.ZF102_PV_Moisture,0,18.86000061,2020/10/12 12:33,192,
201,DietDAServer.Tags.Z1.PLC.Global.HMI_Wr_ShowValue.ZF102_PV_Temp,0,48.54000092,2020/10/12 12:33,192,
178,DietDAServer.Tags.Z1.PLC.Global.HMI_Wr_ShowValue.RB101_PV_Massflow,0,3998.199951,2020/10/12 12:33,192,
179,DietDAServer.Tags.Z1.PLC.Global.HMI_Wr_ShowValue.RB101_SP_Massflow,0,4000,2020/10/12 12:33,192,
180,DietDAServer.Tags.Z1.PLC.Global.HMI_Wr_ShowValue.RB101_Total_Massflow,0,3041.304932,2020/10/12 12:33,192,
181,DietDAServer.Tags.Z1.PLC.Global.HMI_Wr_ShowValue.TB101_PV_Temperature,0,63.21044159,2020/10/12 12:33,192,
182,DietDAServer.Tags.Z1.PLC.Global.HMI_Wr_ShowValue.ZF102_PV_B1_Trim,0,0,2020/10/12 12:33,192,
183,DietDAServer.Tags.Z1.PLC.Global.HMI_Wr_ShowValue.ZF102_PV_Moisture,0,18.37000084,2020/10/12 12:33,192,
184,DietDAServer.Tags.Z1.PLC.Global.HMI_Wr_ShowValue.ZF102_PV_Temp,0,48.95000076,2020/10/12 12:33,192,
185,DietDAServer.Tags.Z1.PLC.Global.HMI_Wr_ShowValue.RB101_PV_Massflow,0,3998.199951,2020/10/12 12:32,192,
186,DietDAServer.Tags.Z1.PLC.Global.HMI_Wr_ShowValue.RB101_Total_Massflow,0,3041.304932,2020/10/12 12:32,192,
187,DietDAServer.Tags.Z1.PLC.Global.HMI_Wr_ShowValue.TB101_PV_Temperature,0,63.21044159,2020/10/12 12:32,192,
188,DietDAServer.Tags.Z1.PLC.Global.HMI_Wr_ShowValue.ZF102_PV_Moisture,0,18.37000084,2020/10/12 12:32,192,
189,DietDAServer.Tags.Z1.PLC.Global.HMI_Wr_ShowValue.ZF102_PV_Temp,0,48.95000076,2020/10/12 12:32,192,
166,DietDAServer.Tags.Z1.PLC.Global.HMI_Wr_ShowValue.RB101_PV_Massflow,0,3994.800049,2020/10/12 12:32,192,
167,DietDAServer.Tags.Z1.PLC.Global.HMI_Wr_ShowValue.RB101_SP_Massflow,0,4000,2020/10/12 12:32,192,
168,DietDAServer.Tags.Z1.PLC.Global.HMI_Wr_ShowValue.RB101_Total_Massflow,0,2974.89624,2020/10/12 12:32,192,
169,DietDAServer.Tags.Z1.PLC.Global.HMI_Wr_ShowValue.TB101_PV_Temperature,0,63.41677094,2020/10/12 12:32,192,
170,DietDAServer.Tags.Z1.PLC.Global.HMI_Wr_ShowValue.ZF102_PV_B1_Trim,0,0,2020/10/12 12:32,192,
171,DietDAServer.Tags.Z1.PLC.Global.HMI_Wr_ShowValue.ZF102_PV_Moisture,0,18.30999947,2020/10/12 12:32,192,
172,DietDAServer.Tags.Z1.PLC.Global.HMI_Wr_ShowValue.ZF102_PV_Temp,0,50.35000229,2020/10/12 12:32,192,
173,DietDAServer.Tags.Z1.PLC.Global.HMI_Wr_ShowValue.RB101_PV_Massflow,0,3994.800049,2020/10/12 12:31,192,
174,DietDAServer.Tags.Z1.PLC.Global.HMI_Wr_ShowValue.RB101_Total_Massflow,0,2974.89624,2020/10/12 12:31,192,
175,DietDAServer.Tags.Z1.PLC.Global.HMI_Wr_ShowValue.TB101_PV_Temperature,0,63.41677094,2020/10/12 12:31,192,
176,DietDAServer.Tags.Z1.PLC.Global.HMI_Wr_ShowValue.ZF102_PV_Moisture,0,18.30999947,2020/10/12 12:31,192,
177,DietDAServer.Tags.Z1.PLC.Global.HMI_Wr_ShowValue.ZF102_PV_Temp,0,50.35000229,2020/10/12 12:31,192,
154,DietDAServer.Tags.Z1.PLC.Global.HMI_Wr_ShowValue.RB101_PV_Massflow,0,4005.300049,2020/10/12 12:31,192,
155,DietDAServer.Tags.Z1.PLC.Global.HMI_Wr_ShowValue.RB101_SP_Massflow,0,4000,2020/10/12 12:31,192,
156,DietDAServer.Tags.Z1.PLC.Global.HMI_Wr_ShowValue.RB101_Total_Massflow,0,2907.951416,2020/10/12 12:31,192,
157,DietDAServer.Tags.Z1.PLC.Global.HMI_Wr_ShowValue.TB101_PV_Temperature,0,63.59873581,2020/10/12 12:31,192,
158,DietDAServer.Tags.Z1.PLC.Global.HMI_Wr_ShowValue.ZF102_PV_B1_Trim,0,0,2020/10/12 12:31,192,
159,DietDAServer.Tags.Z1.PLC.Global.HMI_Wr_ShowValue.ZF102_PV_Moisture,0,18.37999916,2020/10/12 12:31,192,
160,DietDAServer.Tags.Z1.PLC.Global.HMI_Wr_ShowValue.ZF102_PV_Temp,0,50.27000046,2020/10/12 12:31,192,
161,DietDAServer.Tags.Z1.PLC.Global.HMI_Wr_ShowValue.RB101_PV_Massflow,0,4005.300049,2020/10/12 12:30,192,
162,DietDAServer.Tags.Z1.PLC.Global.HMI_Wr_ShowValue.RB101_Total_Massflow,0,2907.951416,2020/10/12 12:30,192,
163,DietDAServer.Tags.Z1.PLC.Global.HMI_Wr_ShowValue.TB101_PV_Temperature,0,63.59873581,2020/10/12 12:30,192,
164,DietDAServer.Tags.Z1.PLC.Global.HMI_Wr_ShowValue.ZF102_PV_Moisture,0,18.37999916,2020/10/12 12:30,192,
165,DietDAServer.Tags.Z1.PLC.Global.HMI_Wr_ShowValue.ZF102_PV_Temp,0,50.27000046,2020/10/12 12:30,192,
142,DietDAServer.Tags.Z1.PLC.Global.HMI_Wr_ShowValue.RB101_PV_Massflow,0,3995.800049,2020/10/12 12:30,192,
143,DietDAServer.Tags.Z1.PLC.Global.HMI_Wr_ShowValue.RB101_SP_Massflow,0,4000,2020/10/12 12:30,192,
144,DietDAServer.Tags.Z1.PLC.Global.HMI_Wr_ShowValue.RB101_Total_Massflow,0,2841.334473,2020/10/12 12:30,192,
145,DietDAServer.Tags.Z1.PLC.Global.HMI_Wr_ShowValue.TB101_PV_Temperature,0,63.42098618,2020/10/12 12:30,192,
146,DietDAServer.Tags.Z1.PLC.Global.HMI_Wr_ShowValue.ZF102_PV_B1_Trim,0,0,2020/10/12 12:30,192,
147,DietDAServer.Tags.Z1.PLC.Global.HMI_Wr_ShowValue.ZF102_PV_Moisture,0,19.03000069,2020/10/12 12:30,192,
148,DietDAServer.Tags.Z1.PLC.Global.HMI_Wr_ShowValue.ZF102_PV_Temp,0,50.22000122,2020/10/12 12:30,192,
149,DietDAServer.Tags.Z1.PLC.Global.HMI_Wr_ShowValue.RB101_PV_Massflow,0,3995.800049,2020/10/12 12:29,192,
150,DietDAServer.Tags.Z1.PLC.Global.HMI_Wr_ShowValue.RB101_Total_Massflow,0,2841.334473,2020/10/12 12:29,192,
151,DietDAServer.Tags.Z1.PLC.Global.HMI_Wr_ShowValue.TB101_PV_Temperature,0,63.42098618,2020/10/12 12:29,192,
152,DietDAServer.Tags.Z1.PLC.Global.HMI_Wr_ShowValue.ZF102_PV_Moisture,0,19.03000069,2020/10/12 12:29,192,
153,DietDAServer.Tags.Z1.PLC.Global.HMI_Wr_ShowValue.ZF102_PV_Temp,0,50.22000122,2020/10/12 12:29,192,
130,DietDAServer.Tags.Z1.PLC.Global.HMI_Wr_ShowValue.RB101_PV_Massflow,0,4000,2020/10/12 12:29,192,
131,DietDAServer.Tags.Z1.PLC.Global.HMI_Wr_ShowValue.RB101_SP_Massflow,0,4000,2020/10/12 12:29,192,
132,DietDAServer.Tags.Z1.PLC.Global.HMI_Wr_ShowValue.RB101_Total_Massflow,0,2774.61499,2020/10/12 12:29,192,
133,DietDAServer.Tags.Z1.PLC.Global.HMI_Wr_ShowValue.TB101_PV_Temperature,0,63.07243729,2020/10/12 12:29,192,
134,DietDAServer.Tags.Z1.PLC.Global.HMI_Wr_ShowValue.ZF102_PV_B1_Trim,0,0,2020/10/12 12:29,192,
135,DietDAServer.Tags.Z1.PLC.Global.HMI_Wr_ShowValue.ZF102_PV_Moisture,0,19.12999916,2020/10/12 12:29,192,
136,DietDAServer.Tags.Z1.PLC.Global.HMI_Wr_ShowValue.ZF102_PV_Temp,0,50.10000229,2020/10/12 12:29,192,
137,DietDAServer.Tags.Z1.PLC.Global.HMI_Wr_ShowValue.RB101_PV_Massflow,0,4000,2020/10/12 12:28,192,
138,DietDAServer.Tags.Z1.PLC.Global.HMI_Wr_ShowValue.RB101_Total_Massflow,0,2774.61499,2020/10/12 12:28,192,
139,DietDAServer.Tags.Z1.PLC.Global.HMI_Wr_ShowValue.TB101_PV_Temperature,0,63.07243729,2020/10/12 12:28,192,
140,DietDAServer.Tags.Z1.PLC.Global.HMI_Wr_ShowValue.ZF102_PV_Moisture,0,19.12999916,2020/10/12 12:28,192,
141,DietDAServer.Tags.Z1.PLC.Global.HMI_Wr_ShowValue.ZF102_PV_Temp,0,50.10000229,2020/10/12 12:28,192,
118,DietDAServer.Tags.Z1.PLC.Global.HMI_Wr_ShowValue.RB101_PV_Massflow,0,4011.800049,2020/10/12 12:28,192,
119,DietDAServer.Tags.Z1.PLC.Global.HMI_Wr_ShowValue.RB101_SP_Massflow,0,4000,2020/10/12 12:28,192,
120,DietDAServer.Tags.Z1.PLC.Global.HMI_Wr_ShowValue.RB101_Total_Massflow,0,2707.960205,2020/10/12 12:28,192,
121,DietDAServer.Tags.Z1.PLC.Global.HMI_Wr_ShowValue.TB101_PV_Temperature,0,62.9829216,2020/10/12 12:28,192,
122,DietDAServer.Tags.Z1.PLC.Global.HMI_Wr_ShowValue.ZF102_PV_B1_Trim,0,0,2020/10/12 12:28,192,
123,DietDAServer.Tags.Z1.PLC.Global.HMI_Wr_ShowValue.ZF102_PV_Moisture,0,18.95999908,2020/10/12 12:28,192,
124,DietDAServer.Tags.Z1.PLC.Global.HMI_Wr_ShowValue.ZF102_PV_Temp,0,49.72000122,2020/10/12 12:28,192,
126,DietDAServer.Tags.Z1.PLC.Global.HMI_Wr_ShowValue.RB101_Total_Massflow,0,2707.960205,2020/10/12 12:27,192,
127,DietDAServer.Tags.Z1.PLC.Global.HMI_Wr_ShowValue.TB101_PV_Temperature,0,62.9829216,2020/10/12 12:27,192,
128,DietDAServer.Tags.Z1.PLC.Global.HMI_Wr_ShowValue.ZF102_PV_Moisture,0,18.95999908,2020/10/12 12:27,192,
129,DietDAServer.Tags.Z1.PLC.Global.HMI_Wr_ShowValue.ZF102_PV_Temp,0,49.72000122,2020/10/12 12:27,192,
125,DietDAServer.Tags.Z1.PLC.Global.HMI_Wr_ShowValue.RB101_PV_Massflow,0,4011.800049,2020/10/12 12:27,192,
106,DietDAServer.Tags.Z1.PLC.Global.HMI_Wr_ShowValue.RB101_PV_Massflow,0,3993.899902,2020/10/12 12:27,192,
107,DietDAServer.Tags.Z1.PLC.Global.HMI_Wr_ShowValue.RB101_SP_Massflow,0,4000,2020/10/12 12:27,192,
108,DietDAServer.Tags.Z1.PLC.Global.HMI_Wr_ShowValue.RB101_Total_Massflow,0,2641.376709,2020/10/12 12:27,192,
109,DietDAServer.Tags.Z1.PLC.Global.HMI_Wr_ShowValue.TB101_PV_Temperature,0,62.93661499,2020/10/12 12:27,192,
110,DietDAServer.Tags.Z1.PLC.Global.HMI_Wr_ShowValue.ZF102_PV_B1_Trim,0,0,2020/10/12 12:27,192,
111,DietDAServer.Tags.Z1.PLC.Global.HMI_Wr_ShowValue.ZF102_PV_Moisture,0,18.78000069,2020/10/12 12:27,192,
112,DietDAServer.Tags.Z1.PLC.Global.HMI_Wr_ShowValue.ZF102_PV_Temp,0,49.36000061,2020/10/12 12:27,192,
114,DietDAServer.Tags.Z1.PLC.Global.HMI_Wr_ShowValue.RB101_Total_Massflow,0,2641.376709,2020/10/12 12:26,192,
115,DietDAServer.Tags.Z1.PLC.Global.HMI_Wr_ShowValue.TB101_PV_Temperature,0,62.93661499,2020/10/12 12:26,192,
113,DietDAServer.Tags.Z1.PLC.Global.HMI_Wr_ShowValue.RB101_PV_Massflow,0,3993.899902,2020/10/12 12:26,192,
116,DietDAServer.Tags.Z1.PLC.Global.HMI_Wr_ShowValue.ZF102_PV_Moisture,0,18.78000069,2020/10/12 12:26,192,
117,DietDAServer.Tags.Z1.PLC.Global.HMI_Wr_ShowValue.ZF102_PV_Temp,0,49.36000061,2020/10/12 12:26,192,
94,DietDAServer.Tags.Z1.PLC.Global.HMI_Wr_ShowValue.RB101_PV_Massflow,0,3992.600098,2020/10/12 12:26,192,
95,DietDAServer.Tags.Z1.PLC.Global.HMI_Wr_ShowValue.RB101_SP_Massflow,0,4000,2020/10/12 12:26,192,
96,DietDAServer.Tags.Z1.PLC.Global.HMI_Wr_ShowValue.RB101_Total_Massflow,0,2575.820068,2020/10/12 12:26,192,
97,DietDAServer.Tags.Z1.PLC.Global.HMI_Wr_ShowValue.TB101_PV_Temperature,0,62.84124374,2020/10/12 12:26,192,
98,DietDAServer.Tags.Z1.PLC.Global.HMI_Wr_ShowValue.ZF102_PV_B1_Trim,0,0,2020/10/12 12:26,192,
99,DietDAServer.Tags.Z1.PLC.Global.HMI_Wr_ShowValue.ZF102_PV_Moisture,0,17.96999931,2020/10/12 12:26,192,
100,DietDAServer.Tags.Z1.PLC.Global.HMI_Wr_ShowValue.ZF102_PV_Temp,0,48.90000153,2020/10/12 12:26,192,
101,DietDAServer.Tags.Z1.PLC.Global.HMI_Wr_ShowValue.RB101_PV_Massflow,0,3992.600098,2020/10/12 12:25,192,
102,DietDAServer.Tags.Z1.PLC.Global.HMI_Wr_ShowValue.RB101_Total_Massflow,0,2575.820068,2020/10/12 12:25,192,
103,DietDAServer.Tags.Z1.PLC.Global.HMI_Wr_ShowValue.TB101_PV_Temperature,0,62.84124374,2020/10/12 12:25,192,
104,DietDAServer.Tags.Z1.PLC.Global.HMI_Wr_ShowValue.ZF102_PV_Moisture,0,17.96999931,2020/10/12 12:25,192,
105,DietDAServer.Tags.Z1.PLC.Global.HMI_Wr_ShowValue.ZF102_PV_Temp,0,48.90000153,2020/10/12 12:25,192,
87,DietDAServer.Tags.Z1.PLC.Global.HMI_Wr_ShowValue.RB101_PV_Massflow,0,3998.5,2020/10/12 12:25,192,
88,DietDAServer.Tags.Z1.PLC.Global.HMI_Wr_ShowValue.RB101_SP_Massflow,0,4000,2020/10/12 12:25,192,
89,DietDAServer.Tags.Z1.PLC.Global.HMI_Wr_ShowValue.RB101_Total_Massflow,0,2509.171631,2020/10/12 12:25,192,
90,DietDAServer.Tags.Z1.PLC.Global.HMI_Wr_ShowValue.TB101_PV_Temperature,0,62.8771553,2020/10/12 12:25,192,
91,DietDAServer.Tags.Z1.PLC.Global.HMI_Wr_ShowValue.ZF102_PV_B1_Trim,0,0,2020/10/12 12:25,192,
92,DietDAServer.Tags.Z1.PLC.Global.HMI_Wr_ShowValue.ZF102_PV_Moisture,0,18.32999992,2020/10/12 12:25,192,
93,DietDAServer.Tags.Z1.PLC.Global.HMI_Wr_ShowValue.ZF102_PV_Temp,0,48.57000351,2020/10/12 12:25,192,
82,DietDAServer.Tags.Z1.PLC.Global.HMI_Wr_ShowValue.RB101_PV_Massflow,0,3998.5,2020/10/12 12:24,192,
83,DietDAServer.Tags.Z1.PLC.Global.HMI_Wr_ShowValue.RB101_Total_Massflow,0,2509.171631,2020/10/12 12:24,192,
84,DietDAServer.Tags.Z1.PLC.Global.HMI_Wr_ShowValue.TB101_PV_Temperature,0,62.8771553,2020/10/12 12:24,192,
85,DietDAServer.Tags.Z1.PLC.Global.HMI_Wr_ShowValue.ZF102_PV_Moisture,0,18.32999992,2020/10/12 12:24,192,
86,DietDAServer.Tags.Z1.PLC.Global.HMI_Wr_ShowValue.ZF102_PV_Temp,0,48.57000351,2020/10/12 12:24,192,
75,DietDAServer.Tags.Z1.PLC.Global.HMI_Wr_ShowValue.RB101_PV_Massflow,0,4008.300049,2020/10/12 12:24,192,
76,DietDAServer.Tags.Z1.PLC.Global.HMI_Wr_ShowValue.RB101_SP_Massflow,0,4000,2020/10/12 12:24,192,
77,DietDAServer.Tags.Z1.PLC.Global.HMI_Wr_ShowValue.RB101_Total_Massflow,0,2442.579346,2020/10/12 12:24,192,
78,DietDAServer.Tags.Z1.PLC.Global.HMI_Wr_ShowValue.TB101_PV_Temperature,0,62.91862106,2020/10/12 12:24,192,
79,DietDAServer.Tags.Z1.PLC.Global.HMI_Wr_ShowValue.ZF102_PV_B1_Trim,0,0,2020/10/12 12:24,192,
80,DietDAServer.Tags.Z1.PLC.Global.HMI_Wr_ShowValue.ZF102_PV_Moisture,0,18.87000084,2020/10/12 12:24,192,
81,DietDAServer.Tags.Z1.PLC.Global.HMI_Wr_ShowValue.ZF102_PV_Temp,0,48.66000366,2020/10/12 12:24,192,
70,DietDAServer.Tags.Z1.PLC.Global.HMI_Wr_ShowValue.RB101_PV_Massflow,0,4008.300049,2020/10/12 12:23,192,
71,DietDAServer.Tags.Z1.PLC.Global.HMI_Wr_ShowValue.RB101_Total_Massflow,0,2442.579346,2020/10/12 12:23,192,
72,DietDAServer.Tags.Z1.PLC.Global.HMI_Wr_ShowValue.TB101_PV_Temperature,0,62.91862106,2020/10/12 12:23,192,
73,DietDAServer.Tags.Z1.PLC.Global.HMI_Wr_ShowValue.ZF102_PV_Moisture,0,18.87000084,2020/10/12 12:23,192,
74,DietDAServer.Tags.Z1.PLC.Global.HMI_Wr_ShowValue.ZF102_PV_Temp,0,48.66000366,2020/10/12 12:23,192,
63,DietDAServer.Tags.Z1.PLC.Global.HMI_Wr_ShowValue.RB101_PV_Massflow,0,3989.5,2020/10/12 12:23,192,
64,DietDAServer.Tags.Z1.PLC.Global.HMI_Wr_ShowValue.RB101_SP_Massflow,0,4000,2020/10/12 12:23,192,
65,DietDAServer.Tags.Z1.PLC.Global.HMI_Wr_ShowValue.RB101_Total_Massflow,0,2375.693359,2020/10/12 12:23,192,
66,DietDAServer.Tags.Z1.PLC.Global.HMI_Wr_ShowValue.TB101_PV_Temperature,0,62.91128159,2020/10/12 12:23,192,
67,DietDAServer.Tags.Z1.PLC.Global.HMI_Wr_ShowValue.ZF102_PV_B1_Trim,0,0,2020/10/12 12:23,192,
68,DietDAServer.Tags.Z1.PLC.Global.HMI_Wr_ShowValue.ZF102_PV_Moisture,0,19.73999977,2020/10/12 12:23,192,
69,DietDAServer.Tags.Z1.PLC.Global.HMI_Wr_ShowValue.ZF102_PV_Temp,0,48.9600029,2020/10/12 12:23,192,
58,DietDAServer.Tags.Z1.PLC.Global.HMI_Wr_ShowValue.RB101_PV_Massflow,0,3989.5,2020/10/12 12:22,192,
59,DietDAServer.Tags.Z1.PLC.Global.HMI_Wr_ShowValue.RB101_Total_Massflow,0,2375.693359,2020/10/12 12:22,192,
60,DietDAServer.Tags.Z1.PLC.Global.HMI_Wr_ShowValue.TB101_PV_Temperature,0,62.91128159,2020/10/12 12:22,192,
61,DietDAServer.Tags.Z1.PLC.Global.HMI_Wr_ShowValue.ZF102_PV_Moisture,0,19.73999977,2020/10/12 12:22,192,
62,DietDAServer.Tags.Z1.PLC.Global.HMI_Wr_ShowValue.ZF102_PV_Temp,0,48.9600029,2020/10/12 12:22,192,
51,DietDAServer.Tags.Z1.PLC.Global.HMI_Wr_ShowValue.RB101_PV_Massflow,0,3999.600098,2020/10/12 12:22,192,
52,DietDAServer.Tags.Z1.PLC.Global.HMI_Wr_ShowValue.RB101_SP_Massflow,0,4000,2020/10/12 12:22,192,
53,DietDAServer.Tags.Z1.PLC.Global.HMI_Wr_ShowValue.RB101_Total_Massflow,0,2309.197998,2020/10/12 12:22,192,
54,DietDAServer.Tags.Z1.PLC.Global.HMI_Wr_ShowValue.TB101_PV_Temperature,0,63.05393982,2020/10/12 12:22,192,
55,DietDAServer.Tags.Z1.PLC.Global.HMI_Wr_ShowValue.ZF102_PV_B1_Trim,0,0,2020/10/12 12:22,192,
56,DietDAServer.Tags.Z1.PLC.Global.HMI_Wr_ShowValue.ZF102_PV_Moisture,0,20.29999924,2020/10/12 12:22,192,
57,DietDAServer.Tags.Z1.PLC.Global.HMI_Wr_ShowValue.ZF102_PV_Temp,0,49.16000366,2020/10/12 12:22,192,
46,DietDAServer.Tags.Z1.PLC.Global.HMI_Wr_ShowValue.RB101_PV_Massflow,0,3999.600098,2020/10/12 12:21,192,
47,DietDAServer.Tags.Z1.PLC.Global.HMI_Wr_ShowValue.RB101_Total_Massflow,0,2309.197998,2020/10/12 12:21,192,
48,DietDAServer.Tags.Z1.PLC.Global.HMI_Wr_ShowValue.TB101_PV_Temperature,0,63.05393982,2020/10/12 12:21,192,
50,DietDAServer.Tags.Z1.PLC.Global.HMI_Wr_ShowValue.ZF102_PV_Temp,0,49.16000366,2020/10/12 12:21,192,
49,DietDAServer.Tags.Z1.PLC.Global.HMI_Wr_ShowValue.ZF102_PV_Moisture,0,20.29999924,2020/10/12 12:21,192,
39,DietDAServer.Tags.Z1.PLC.Global.HMI_Wr_ShowValue.RB101_PV_Massflow,0,4000.511719,2020/10/12 12:21,192,
40,DietDAServer.Tags.Z1.PLC.Global.HMI_Wr_ShowValue.RB101_SP_Massflow,0,4000,2020/10/12 12:21,192,
41,DietDAServer.Tags.Z1.PLC.Global.HMI_Wr_ShowValue.RB101_Total_Massflow,0,2242.56958,2020/10/12 12:21,192,
42,DietDAServer.Tags.Z1.PLC.Global.HMI_Wr_ShowValue.TB101_PV_Temperature,0,63.19621277,2020/10/12 12:21,192,
43,DietDAServer.Tags.Z1.PLC.Global.HMI_Wr_ShowValue.ZF102_PV_B1_Trim,0,0,2020/10/12 12:21,192,
44,DietDAServer.Tags.Z1.PLC.Global.HMI_Wr_ShowValue.ZF102_PV_Moisture,0,20.12000084,2020/10/12 12:21,192,
45,DietDAServer.Tags.Z1.PLC.Global.HMI_Wr_ShowValue.ZF102_PV_Temp,0,49.00000381,2020/10/12 12:21,192,
34,DietDAServer.Tags.Z1.PLC.Global.HMI_Wr_ShowValue.RB101_PV_Massflow,0,4000.511719,2020/10/12 12:20,192,
35,DietDAServer.Tags.Z1.PLC.Global.HMI_Wr_ShowValue.RB101_Total_Massflow,0,2242.56958,2020/10/12 12:20,192,
36,DietDAServer.Tags.Z1.PLC.Global.HMI_Wr_ShowValue.TB101_PV_Temperature,0,63.19621277,2020/10/12 12:20,192,
37,DietDAServer.Tags.Z1.PLC.Global.HMI_Wr_ShowValue.ZF102_PV_Moisture,0,20.12000084,2020/10/12 12:20,192,
38,DietDAServer.Tags.Z1.PLC.Global.HMI_Wr_ShowValue.ZF102_PV_Temp,0,49.00000381,2020/10/12 12:20,192,
27,DietDAServer.Tags.Z1.PLC.Global.HMI_Wr_ShowValue.RB101_PV_Massflow,0,4006.100098,2020/10/12 12:20,192,
28,DietDAServer.Tags.Z1.PLC.Global.HMI_Wr_ShowValue.RB101_SP_Massflow,0,4000,2020/10/12 12:20,192,
29,DietDAServer.Tags.Z1.PLC.Global.HMI_Wr_ShowValue.RB101_Total_Massflow,0,2175.953857,2020/10/12 12:20,192,
30,DietDAServer.Tags.Z1.PLC.Global.HMI_Wr_ShowValue.TB101_PV_Temperature,0,63.36311722,2020/10/12 12:20,192,
31,DietDAServer.Tags.Z1.PLC.Global.HMI_Wr_ShowValue.ZF102_PV_B1_Trim,0,0,2020/10/12 12:20,192,
32,DietDAServer.Tags.Z1.PLC.Global.HMI_Wr_ShowValue.ZF102_PV_Moisture,0,18.80999947,2020/10/12 12:20,192,
33,DietDAServer.Tags.Z1.PLC.Global.HMI_Wr_ShowValue.ZF102_PV_Temp,0,48.93000031,2020/10/12 12:20,192,
22,DietDAServer.Tags.Z1.PLC.Global.HMI_Wr_ShowValue.RB101_PV_Massflow,0,4006.100098,2020/10/12 12:19,192,
23,DietDAServer.Tags.Z1.PLC.Global.HMI_Wr_ShowValue.RB101_Total_Massflow,0,2175.953857,2020/10/12 12:19,192,
24,DietDAServer.Tags.Z1.PLC.Global.HMI_Wr_ShowValue.TB101_PV_Temperature,0,63.36311722,2020/10/12 12:19,192,
26,DietDAServer.Tags.Z1.PLC.Global.HMI_Wr_ShowValue.ZF102_PV_Temp,0,48.93000031,2020/10/12 12:19,192,
25,DietDAServer.Tags.Z1.PLC.Global.HMI_Wr_ShowValue.ZF102_PV_Moisture,0,18.80999947,2020/10/12 12:19,192,
15,DietDAServer.Tags.Z1.PLC.Global.HMI_Wr_ShowValue.RB101_PV_Massflow,0,4004.300049,2020/10/12 12:19,192,
16,DietDAServer.Tags.Z1.PLC.Global.HMI_Wr_ShowValue.RB101_SP_Massflow,0,4000,2020/10/12 12:19,192,
17,DietDAServer.Tags.Z1.PLC.Global.HMI_Wr_ShowValue.RB101_Total_Massflow,0,2109.203369,2020/10/12 12:19,192,
18,DietDAServer.Tags.Z1.PLC.Global.HMI_Wr_ShowValue.TB101_PV_Temperature,0,63.46870422,2020/10/12 12:19,192,
19,DietDAServer.Tags.Z1.PLC.Global.HMI_Wr_ShowValue.ZF102_PV_B1_Trim,0,0,2020/10/12 12:19,192,
20,DietDAServer.Tags.Z1.PLC.Global.HMI_Wr_ShowValue.ZF102_PV_Moisture,0,18.86000061,2020/10/12 12:19,192,
21,DietDAServer.Tags.Z1.PLC.Global.HMI_Wr_ShowValue.ZF102_PV_Temp,0,48.9600029,2020/10/12 12:19,192,
9,DietDAServer.Tags.Z1.PLC.Global.HMI_Wr_ShowValue.RB101_PV_Massflow,0,4004.300049,2020/10/12 12:18,192,
11,DietDAServer.Tags.Z1.PLC.Global.HMI_Wr_ShowValue.RB101_Total_Massflow,0,2109.203369,2020/10/12 12:18,192,
12,DietDAServer.Tags.Z1.PLC.Global.HMI_Wr_ShowValue.TB101_PV_Temperature,0,63.46870422,2020/10/12 12:18,192,
13,DietDAServer.Tags.Z1.PLC.Global.HMI_Wr_ShowValue.ZF102_PV_Moisture,0,18.86000061,2020/10/12 12:18,192,
14,DietDAServer.Tags.Z1.PLC.Global.HMI_Wr_ShowValue.ZF102_PV_Temp,0,48.9600029,2020/10/12 12:18,192,
2,DietDAServer.Tags.Z1.PLC.Global.HMI_Wr_ShowValue.RB101_PV_Massflow,0,0,2020/10/12 12:18,0,
3,DietDAServer.Tags.Z1.PLC.Global.HMI_Wr_ShowValue.RB101_SP_Massflow,0,0,2020/10/12 12:18,0,
4,DietDAServer.Tags.Z1.PLC.Global.HMI_Wr_ShowValue.RB101_Total_Massflow,0,0,2020/10/12 12:18,0,
5,DietDAServer.Tags.Z1.PLC.Global.HMI_Wr_ShowValue.TB101_PV_Temperature,0,0,2020/10/12 12:18,0,
6,DietDAServer.Tags.Z1.PLC.Global.HMI_Wr_ShowValue.ZF102_PV_B1_Trim,0,0,2020/10/12 12:18,192,
7,DietDAServer.Tags.Z1.PLC.Global.HMI_Wr_ShowValue.ZF102_PV_Moisture,0,0,2020/10/12 12:18,0,
8,DietDAServer.Tags.Z1.PLC.Global.HMI_Wr_ShowValue.ZF102_PV_Temp,0,0,2020/10/12 12:18,0,
1,DietDAServer.Tags.Z1.PLC.Global.HMI_Wr_ShowValue.ZF102_PV_B1_Trim,0,0,2020/10/12 12:18,192,
10,DietDAServer.Tags.Z1.PLC.Global.HMI_Wr_ShowValue.RB101_SP_Massflow,0,4000,2020/10/12 12:18,192,
